#S                                              mean_x                                      mean_xp
0.000000000000000000e+00 1.000000000000000000e+00 0.000000000000000000e+00
2.000000000000000111e-01 1.000029402317994531e+00 2.940246207650101307e-04
3.100000000000000533e-01 1.000061745026278759e+00 2.940246207650101307e-04
4.200000000000000400e-01 1.000094087734562986e+00 2.940246207650101307e-04
5.300000000000000266e-01 1.000126430442847214e+00 2.940246207650101307e-04
6.400000000000001243e-01 1.000158773151131442e+00 2.940246207650101307e-04
7.500000000000000000e-01 1.000191115859415669e+00 2.940246207650101307e-04
7.500000000000000000e-01 1.000191115859415669e+00 2.940246207650101307e-04
1.050000000000000044e+00 9.971802351138594478e-01 -2.035619102046246076e-02
1.350000000000000089e+00 9.879900181989148544e-01 -4.088026321939708385e-02
1.649999999999999911e+00 9.726774151400509050e-01 -6.115100820602924897e-02
1.949999999999999956e+00 9.513373152246772380e-01 -8.104281203087135288e-02
2.250000000000000000e+00 9.241019589912878862e-01 -1.004324089707199913e-01
2.250000000000000000e+00 9.241019589912878862e-01 -1.004324089707199913e-01
2.359999999999999876e+00 9.130543940045087181e-01 -1.004324089707200052e-01
2.470000000000000195e+00 9.020068290177295500e-01 -1.004324089707200190e-01
2.580000000000000071e+00 8.909592640309503819e-01 -1.004324089707200329e-01
2.689999999999999947e+00 8.799116990441712138e-01 -1.004324089707200468e-01
2.799999999999999822e+00 8.688641340573920457e-01 -1.004324089707200607e-01
2.799999999999999822e+00 8.688641340573920457e-01 -1.004324089707200607e-01
3.199999999999999734e+00 8.285905613726701757e-01 -1.009315073354551673e-01
3.309999999999999609e+00 8.174880955657700676e-01 -1.009315073354551534e-01
3.419999999999999929e+00 8.063856297588699595e-01 -1.009315073354551534e-01
3.529999999999999805e+00 7.952831639519698514e-01 -1.009315073354551534e-01
3.639999999999999680e+00 7.841806981450697434e-01 -1.009315073354551534e-01
3.750000000000000000e+00 7.730782323381696353e-01 -1.009315073354551534e-01
3.750000000000000000e+00 7.730782323381696353e-01 -1.009315073354551534e-01
4.049999999999999822e+00 7.404347499186344495e-01 -1.165792582878184824e-01
4.349999999999999645e+00 7.032029342468623101e-01 -1.315045897597545699e-01
4.650000000000000355e+00 6.616135037999473223e-01 -1.456150123121931206e-01
4.950000000000000178e+00 6.159241803645582047e-01 -1.588230863415525107e-01
5.250000000000000000e+00 5.664180919840730022e-01 -1.710469639263844099e-01
5.250000000000000000e+00 5.664180919840730022e-01 -1.710469639263844099e-01
5.360000000000000320e+00 5.476029259521707493e-01 -1.710469639263844099e-01
5.469999999999999751e+00 5.287877599202684964e-01 -1.710469639263844099e-01
5.580000000000000071e+00 5.099725938883662435e-01 -1.710469639263844099e-01
5.690000000000000391e+00 4.911574278564639351e-01 -1.710469639263844099e-01
5.799999999999999822e+00 4.723422618245616267e-01 -1.710469639263844099e-01
5.799999999999999822e+00 4.723422618245616267e-01 -1.710469639263844099e-01
6.000000000000000000e+00 4.381464217188446586e-01 -1.709131128492055174e-01
6.000000000000000000e+00 4.381464217188446586e-01 -1.709131128492055174e-01
6.200000000000000178e+00 4.039763466539668668e-01 -1.707893122554135223e-01
6.310000000000000497e+00 3.851895223058713902e-01 -1.707893122554135223e-01
6.419999999999999929e+00 3.664026979577759136e-01 -1.707893122554135223e-01
6.530000000000000249e+00 3.476158736096804369e-01 -1.707893122554135223e-01
6.640000000000000568e+00 3.288290492615849603e-01 -1.707893122554135223e-01
6.750000000000000000e+00 3.100422249134894837e-01 -1.707893122554135223e-01
6.750000000000000000e+00 3.100422249134894837e-01 -1.707893122554135223e-01
7.049999999999999822e+00 2.578977232832274091e-01 -1.766610708524391504e-01
7.349999999999999645e+00 2.041550785356330278e-01 -1.814380944091973646e-01
7.650000000000000355e+00 1.491473236138327052e-01 -1.850907806196978866e-01
7.950000000000000178e+00 9.321533110797212973e-02 -1.875964944825491698e-01
8.250000000000000000e+00 3.670570093263571948e-02 -1.889397085657236186e-01
8.250000000000000000e+00 3.670570093263571948e-02 -1.889397085657236186e-01
8.359999999999999432e+00 1.592233299040611560e-02 -1.889397085657236464e-01
8.470000000000000639e+00 -4.861034951823488270e-03 -1.889397085657236741e-01
8.580000000000000071e+00 -2.564440289405309215e-02 -1.889397085657237019e-01
8.689999999999999503e+00 -4.642777083628270296e-02 -1.889397085657237296e-01
8.800000000000000711e+00 -6.721113877851231377e-02 -1.889397085657237574e-01
8.800000000000000711e+00 -6.721113877851231377e-02 -1.889397085657237574e-01
9.200000000000001066e+00 -1.427761549865314561e-01 -1.888779665261774710e-01
9.310000000000000497e+00 -1.635527313044109754e-01 -1.888779665261774710e-01
9.420000000000001705e+00 -1.843293076222904947e-01 -1.888779665261774710e-01
9.530000000000001137e+00 -2.051058839401700140e-01 -1.888779665261774710e-01
9.640000000000000568e+00 -2.258824602580495333e-01 -1.888779665261774710e-01
9.750000000000001776e+00 -2.466590365759290526e-01 -1.888779665261774710e-01
9.750000000000001776e+00 -2.466590365759290526e-01 -1.888779665261774710e-01
1.005000000000000249e+01 -3.024996428384449931e-01 -1.832003817617726404e-01
1.035000000000000142e+01 -3.564657163751862035e-01 -1.763875390917220287e-01
1.065000000000000213e+01 -4.082228396973349716e-01 -1.684816564056671739e-01
1.095000000000000107e+01 -4.574502837602222871e-01 -1.595317249542579086e-01
1.125000000000000178e+01 -5.038429954601936211e-01 -1.495932057596650322e-01
1.125000000000000178e+01 -5.038429954601936211e-01 -1.495932057596650322e-01
1.136000000000000121e+01 -5.202982480937567988e-01 -1.495932057596650322e-01
1.147000000000000242e+01 -5.367535007273199765e-01 -1.495932057596650322e-01
1.158000000000000185e+01 -5.532087533608831542e-01 -1.495932057596650322e-01
1.169000000000000128e+01 -5.696640059944463319e-01 -1.495932057596650322e-01
1.180000000000000249e+01 -5.861192586280095096e-01 -1.495932057596650322e-01
1.180000000000000249e+01 -5.861192586280095096e-01 -1.495932057596650322e-01
1.200000000000000178e+01 -6.160554262699931005e-01 -1.497699376394117654e-01
1.200000000000000178e+01 -6.160554262699931005e-01 -1.497699376394117654e-01
1.220000000000000107e+01 -6.460278208270675560e-01 -1.499554766858235411e-01
1.231000000000000050e+01 -6.625229232625081677e-01 -1.499554766858235688e-01
1.242000000000000171e+01 -6.790180256979487794e-01 -1.499554766858235966e-01
1.253000000000000114e+01 -6.955131281333893911e-01 -1.499554766858235966e-01
1.264000000000000057e+01 -7.120082305688300028e-01 -1.499554766858235966e-01
1.275000000000000178e+01 -7.285033330042706146e-01 -1.499554766858235966e-01
1.275000000000000178e+01 -7.285033330042706146e-01 -1.499554766858235966e-01
1.305000000000000249e+01 -7.711863058619362610e-01 -1.344506410815612951e-01
1.335000000000000142e+01 -8.090903839267202802e-01 -1.181126404383541356e-01
1.365000000000000213e+01 -8.419806828394041931e-01 -1.010427182373040272e-01
1.395000000000000107e+01 -8.696533876761253223e-01 -8.334665353817401201e-02
1.425000000000000178e+01 -8.919370159506905260e-01 -6.513410548661063837e-02
1.425000000000000178e+01 -8.919370159506905260e-01 -6.513410548661063837e-02
1.436000000000000121e+01 -8.991017675542176679e-01 -6.513410548661063837e-02
1.447000000000000242e+01 -9.062665191577448098e-01 -6.513410548661063837e-02
1.458000000000000185e+01 -9.134312707612719517e-01 -6.513410548661063837e-02
1.469000000000000128e+01 -9.205960223647990937e-01 -6.513410548661063837e-02
1.480000000000000249e+01 -9.277607739683262356e-01 -6.513410548661063837e-02
1.480000000000000249e+01 -9.277607739683262356e-01 -6.513410548661063837e-02
1.520000000000000284e+01 -9.537042842009382237e-01 -6.458090301448185522e-02
1.531000000000000227e+01 -9.608081835325312792e-01 -6.458090301448184134e-02
1.542000000000000348e+01 -9.679120828641243346e-01 -6.458090301448184134e-02
1.553000000000000291e+01 -9.750159821957173900e-01 -6.458090301448184134e-02
1.564000000000000234e+01 -9.821198815273104454e-01 -6.458090301448184134e-02
1.575000000000000355e+01 -9.892237808589035009e-01 -6.458090301448184134e-02
1.575000000000000355e+01 -9.892237808589035009e-01 -6.458090301448184134e-02
1.605000000000000426e+01 -1.005513022080428254e+00 -4.395792516506703135e-02
1.635000000000000497e+01 -1.015571290437331742e+00 -2.306254841790348481e-02
1.665000000000000213e+01 -1.019336256754536540e+00 -2.024257446623677504e-03
1.695000000000000284e+01 -1.016784590252185705e+00 1.902657746286975579e-02
1.725000000000000355e+01 -1.007932103122052281e+00 3.995950829228706036e-02
1.725000000000000355e+01 -1.007932103122052281e+00 3.995950829228706036e-02
1.736000000000000298e+01 -1.003536557209900648e+00 3.995950829228706036e-02
1.747000000000000242e+01 -9.991410112977490154e-01 3.995950829228706036e-02
1.758000000000000185e+01 -9.947454653855974938e-01 3.995950829228706036e-02
1.769000000000000483e+01 -9.903499194734459721e-01 3.995950829228706036e-02
1.780000000000000426e+01 -9.859543735612944504e-01 3.995950829228706036e-02
1.780000000000000426e+01 -9.859543735612944504e-01 3.995950829228706036e-02
1.800000000000000355e+01 -9.779913829201987152e-01 3.967078833367881224e-02
1.800000000000000355e+01 -9.779913829201987152e-01 3.967078833367881224e-02
1.820000000000000284e+01 -9.700859027063762907e-01 3.938440120133793881e-02
1.831000000000000227e+01 -9.657536185742291446e-01 3.938440120133794575e-02
1.842000000000000171e+01 -9.614213344420819984e-01 3.938440120133795269e-02
1.853000000000000114e+01 -9.570890503099348523e-01 3.938440120133795963e-02
1.864000000000000412e+01 -9.527567661777877062e-01 3.938440120133795963e-02
1.875000000000000355e+01 -9.484244820456405600e-01 3.938440120133795963e-02
1.875000000000000355e+01 -9.484244820456405600e-01 3.938440120133795963e-02
1.905000000000000426e+01 -9.336827640671965245e-01 5.884293627704929863e-02
1.935000000000000497e+01 -9.131551916648784628e-01 7.793683287354098710e-02
1.965000000000000213e+01 -8.869689702987887392e-01 9.654776974686297975e-02
1.995000000000000284e+01 -8.552863709999087849e-01 1.145604184625699656e-01
2.025000000000000355e+01 -8.183037248073986580e-01 1.318631580640950707e-01
2.025000000000000355e+01 -8.183037248073986580e-01 1.318631580640950707e-01
2.036000000000000298e+01 -8.037987774203482205e-01 1.318631580640950429e-01
2.047000000000000242e+01 -7.892938300332977830e-01 1.318631580640950429e-01
2.058000000000000185e+01 -7.747888826462473455e-01 1.318631580640950429e-01
2.069000000000000483e+01 -7.602839352591969080e-01 1.318631580640950429e-01
2.080000000000000426e+01 -7.457789878721464705e-01 1.318631580640950429e-01
2.080000000000000426e+01 -7.457789878721464705e-01 1.318631580640950429e-01
2.120000000000000284e+01 -6.929480840146160503e-01 1.322861833918472230e-01
2.131000000000000227e+01 -6.783966038415129018e-01 1.322861833918472230e-01
2.142000000000000171e+01 -6.638451236684097534e-01 1.322861833918472230e-01
2.153000000000000114e+01 -6.492936434953066049e-01 1.322861833918472230e-01
2.164000000000000412e+01 -6.347421633222034565e-01 1.322861833918472230e-01
2.175000000000000355e+01 -6.201906831491003080e-01 1.322861833918472230e-01
2.175000000000000355e+01 -6.201906831491003080e-01 1.322861833918472230e-01
2.205000000000000426e+01 -5.786242223940355478e-01 1.446803665272629602e-01
2.235000000000000497e+01 -5.334721374358223356e-01 1.561779929616891327e-01
2.265000000000000213e+01 -4.850142271532207894e-01 1.667078140919347751e-01
2.295000000000000284e+01 -4.335507759954779772e-01 1.762045786201064390e-01
2.325000000000000355e+01 -3.794006931767396895e-01 1.846094369035041483e-01
2.325000000000000355e+01 -3.794006931767396895e-01 1.846094369035041483e-01
2.336000000000000298e+01 -3.590936551173542490e-01 1.846094369035041483e-01
2.347000000000000242e+01 -3.387866170579688085e-01 1.846094369035041483e-01
2.358000000000000185e+01 -3.184795789985833681e-01 1.846094369035041483e-01
2.369000000000000483e+01 -2.981725409391979276e-01 1.846094369035041483e-01
2.380000000000000426e+01 -2.778655028798124871e-01 1.846094369035041483e-01
2.380000000000000426e+01 -2.778655028798124871e-01 1.846094369035041483e-01
2.400000000000000355e+01 -2.409514235266717874e-01 1.845331655497648438e-01
2.400000000000000355e+01 -2.409514235266717874e-01 1.845331655497648438e-01
2.420000000000000284e+01 -2.040515132342826665e-01 1.844677456016536599e-01
2.431000000000000227e+01 -1.837600612181007620e-01 1.844677456016536321e-01
2.442000000000000171e+01 -1.634686092019188575e-01 1.844677456016536043e-01
2.453000000000000114e+01 -1.431771571857369807e-01 1.844677456016535766e-01
2.464000000000000412e+01 -1.228857051695550762e-01 1.844677456016535766e-01
2.475000000000000355e+01 -1.025942531533731855e-01 1.844677456016535766e-01
2.475000000000000355e+01 -1.025942531533731855e-01 1.844677456016535766e-01
2.505000000000000426e+01 -4.699321833121465619e-02 1.860142850280288307e-01
2.535000000000000497e+01 8.899024522878409144e-03 1.864081293256597271e-01
2.565000000000000213e+01 6.473612181534839360e-02 1.856468379163735138e-01
2.595000000000000284e+01 1.201720616791888963e-01 1.837351283781716027e-01
2.625000000000000355e+01 1.748633181436447803e-01 1.806848472112916881e-01
2.625000000000000355e+01 1.748633181436447803e-01 1.806848472112916881e-01
2.636000000000000298e+01 1.947386513368868644e-01 1.806848472112916881e-01
2.647000000000000242e+01 2.146139845301289484e-01 1.806848472112916881e-01
2.658000000000000185e+01 2.344893177233710324e-01 1.806848472112916881e-01
2.669000000000000483e+01 2.543646509166130887e-01 1.806848472112916881e-01
2.680000000000000426e+01 2.742399841098551727e-01 1.806848472112916881e-01
2.680000000000000426e+01 2.742399841098551727e-01 1.806848472112916881e-01
2.720000000000000284e+01 3.464788373051742587e-01 1.805023388064649625e-01
2.731000000000000227e+01 3.663340945738853827e-01 1.805023388064649625e-01
2.742000000000000171e+01 3.861893518425965066e-01 1.805023388064649625e-01
2.753000000000000114e+01 4.060446091113076306e-01 1.805023388064649625e-01
2.764000000000000412e+01 4.258998663800187545e-01 1.805023388064649625e-01
2.775000000000000355e+01 4.457551236487298785e-01 1.805023388064649625e-01
2.775000000000000355e+01 4.457551236487298785e-01 1.805023388064649625e-01
2.805000000000000426e+01 4.984687569569574705e-01 1.707402949388591162e-01
2.835000000000000497e+01 5.480934742290364259e-01 1.599202059526831088e-01
2.865000000000000213e+01 5.943217605348269927e-01 1.481091218805089538e-01
2.895000000000000284e+01 6.368671479806056190e-01 1.353802337628550734e-01
2.925000000000000355e+01 6.754659908960819470e-01 1.218124200972999921e-01
2.925000000000000355e+01 6.754659908960819470e-01 1.218124200972999921e-01
2.936000000000000298e+01 6.888653571067849812e-01 1.218124200972999782e-01
2.947000000000000242e+01 7.022647233174880155e-01 1.218124200972999643e-01
2.958000000000000185e+01 7.156640895281910497e-01 1.218124200972999505e-01
2.969000000000000483e+01 7.290634557388940840e-01 1.218124200972999366e-01
2.980000000000000426e+01 7.424628219495971182e-01 1.218124200972999366e-01
2.980000000000000426e+01 7.424628219495971182e-01 1.218124200972999366e-01
3.000000000000000355e+01 7.668473748677465673e-01 1.220343040144671737e-01
3.000000000000000355e+01 7.668473748677465673e-01 1.220343040144671737e-01
3.020000000000000284e+01 7.912770219666344085e-01 1.222633641144601768e-01
3.031000000000000227e+01 8.047259920192250116e-01 1.222633641144601907e-01
3.042000000000000171e+01 8.181749620718156146e-01 1.222633641144601907e-01
3.053000000000000114e+01 8.316239321244062177e-01 1.222633641144601907e-01
3.064000000000000412e+01 8.450729021769968208e-01 1.222633641144601907e-01
3.075000000000000355e+01 8.585218722295874239e-01 1.222633641144601907e-01
3.075000000000000355e+01 8.585218722295874239e-01 1.222633641144601907e-01
3.105000000000000426e+01 8.925029431535257407e-01 1.041600504701713781e-01
3.135000000000000497e+01 9.209533431679246540e-01 8.541127681311919129e-02
3.165000000000000213e+01 9.436967705575534104e-01 6.613322572606911143e-02
3.195000000000000284e+01 9.605922886305919839e-01 4.644535962329621182e-02
3.225000000000000000e+01 9.715351990764903301e-01 2.646968046475683956e-02
3.225000000000000000e+01 9.715351990764903301e-01 2.646968046475683956e-02
3.235999999999999943e+01 9.744468639276135935e-01 2.646968046475683956e-02
3.246999999999999886e+01 9.773585287787368570e-01 2.646968046475683956e-02
3.257999999999999829e+01 9.802701936298601204e-01 2.646968046475683956e-02
3.268999999999999773e+01 9.831818584809833839e-01 2.646968046475683956e-02
3.279999999999999716e+01 9.860935233321066473e-01 2.646968046475683956e-02
3.279999999999999716e+01 9.860935233321066473e-01 2.646968046475683956e-02
3.319999999999999574e+01 9.965650095477660564e-01 2.588672432798775833e-02
3.330999999999999517e+01 9.994125492238447039e-01 2.588672432798775833e-02
3.341999999999999460e+01 1.002260088899923351e+00 2.588672432798775833e-02
3.352999999999999403e+01 1.005107628576002110e+00 2.588672432798775833e-02
3.363999999999999346e+01 1.007955168252080869e+00 2.588672432798775833e-02
3.374999999999999289e+01 1.010802707928159627e+00 2.588672432798775833e-02
3.374999999999999289e+01 1.010802707928159627e+00 2.588672432798775833e-02
3.404999999999999005e+01 1.015428826792682537e+00 4.938132014065934640e-03
3.434999999999999432e+01 1.013762526437600897e+00 -1.604106096430060399e-02
3.464999999999999147e+01 1.005814132609143652e+00 -3.692085054022962998e-02
3.494999999999999574e+01 9.916328999914126863e-01 -5.757184863080834492e-02
3.524999999999999289e+01 9.713067069844780743e-01 -7.786608493043785384e-02
3.524999999999999289e+01 9.713067069844780743e-01 -7.786608493043785384e-02
3.535999999999999233e+01 9.627414376421299380e-01 -7.786608493043783996e-02
3.546999999999999176e+01 9.541761682997818017e-01 -7.786608493043782608e-02
3.557999999999999119e+01 9.456108989574336654e-01 -7.786608493043782608e-02
3.568999999999999062e+01 9.370456296150855291e-01 -7.786608493043782608e-02
3.579999999999999005e+01 9.284803602727373928e-01 -7.786608493043782608e-02
3.579999999999999005e+01 9.284803602727373928e-01 -7.786608493043782608e-02
3.599999999999999289e+01 9.129342901321940706e-01 -7.759537828801099657e-02
3.599999999999999289e+01 9.129342901321940706e-01 -7.759537828801099657e-02
3.619999999999999574e+01 8.974419047602640864e-01 -7.732923461355883932e-02
3.630999999999999517e+01 8.889356889527726402e-01 -7.732923461355885320e-02
3.641999999999999460e+01 8.804294731452811940e-01 -7.732923461355886707e-02
3.652999999999999403e+01 8.719232573377897477e-01 -7.732923461355888095e-02
3.663999999999999346e+01 8.634170415302983015e-01 -7.732923461355889483e-02
3.674999999999999289e+01 8.549108257228068553e-01 -7.732923461355889483e-02
3.674999999999999289e+01 8.549108257228068553e-01 -7.732923461355889483e-02
3.704999999999999005e+01 8.290871601636372601e-01 -9.473957822893028236e-02
3.734999999999999432e+01 7.981257992350955233e-01 -1.115628387054601739e-01
3.764999999999999147e+01 7.622186045993984971e-01 -1.276947654991754666e-01
3.794999999999999574e+01 7.215880863091325148e-01 -1.430353921293787689e-01
3.824999999999999289e+01 6.764860239547997312e-01 -1.574896556519372603e-01
3.824999999999999289e+01 6.764860239547997312e-01 -1.574896556519372603e-01
3.835999999999999233e+01 6.591621618330866239e-01 -1.574896556519372326e-01
3.846999999999999176e+01 6.418382997113735167e-01 -1.574896556519372048e-01
3.857999999999999119e+01 6.245144375896604094e-01 -1.574896556519371771e-01
3.868999999999999062e+01 6.071905754679473022e-01 -1.574896556519371493e-01
3.879999999999999005e+01 5.898667133462341949e-01 -1.574896556519371216e-01
3.879999999999999005e+01 5.898667133462341949e-01 -1.574896556519371216e-01
3.919999999999998863e+01 5.268039485818561962e-01 -1.578179875377991870e-01
3.930999999999998806e+01 5.094439699526982501e-01 -1.578179875377991870e-01
3.941999999999998749e+01 4.920839913235403595e-01 -1.578179875377991870e-01
3.952999999999998693e+01 4.747240126943824690e-01 -1.578179875377991870e-01
3.963999999999998636e+01 4.573640340652245784e-01 -1.578179875377991870e-01
3.974999999999998579e+01 4.400040554360666878e-01 -1.578179875377991870e-01
3.974999999999998579e+01 4.400040554360666878e-01 -1.578179875377991870e-01
4.004999999999998295e+01 3.913442569817147665e-01 -1.664130451949676626e-01
4.034999999999998721e+01 3.402593726334647295e-01 -1.739768728768332773e-01
4.064999999999998437e+01 2.870659656989771324e-01 -1.804625989825227039e-01
4.094999999999998863e+01 2.320936655991627517e-01 -1.858300327014927311e-01
4.124999999999998579e+01 1.756831252173818303e-01 -1.900459130683338493e-01
4.124999999999998579e+01 1.756831252173818303e-01 -1.900459130683338493e-01
4.135999999999998522e+01 1.547780747798651046e-01 -1.900459130683338216e-01
4.146999999999998465e+01 1.338730243423483790e-01 -1.900459130683337938e-01
4.157999999999998408e+01 1.129679739048316672e-01 -1.900459130683337661e-01
4.168999999999998352e+01 9.206292346731495546e-02 -1.900459130683337661e-01
4.179999999999998295e+01 7.115787302979824369e-02 -1.900459130683337661e-01
4.179999999999998295e+01 7.115787302979824369e-02 -1.900459130683337661e-01
4.199999999999998579e+01 3.315041010391434062e-02 -1.900305786920713502e-01
4.199999999999998579e+01 3.315041010391434062e-02 -1.900305786920713502e-01
4.219999999999998863e+01 -4.855103424170503779e-03 -1.900264189948157323e-01
4.230999999999998806e+01 -2.575800951360024058e-02 -1.900264189948157600e-01
4.241999999999998749e+01 -4.666091560302998431e-02 -1.900264189948157878e-01
4.252999999999998693e+01 -6.756382169245972458e-02 -1.900264189948158156e-01
4.263999999999998636e+01 -8.846672778188946484e-02 -1.900264189948158433e-01
4.274999999999998579e+01 -1.093696338713192051e-01 -1.900264189948158711e-01
4.274999999999998579e+01 -1.093696338713192051e-01 -1.900264189948158711e-01
4.304999999999998295e+01 -1.659797981160800184e-01 -1.871796648624674819e-01
4.334999999999998721e+01 -2.215614171352451867e-01 -1.831729939642848248e-01
4.364999999999998437e+01 -2.757700622120525802e-01 -1.780312348774373277e-01
4.394999999999998863e+01 -3.282698126880114198e-01 -1.717862501045676060e-01
4.424999999999998579e+01 -3.787353375992899562e-01 -1.644767386279998578e-01
4.424999999999998579e+01 -3.787353375992899562e-01 -1.644767386279998578e-01
4.435999999999998522e+01 -3.968277788483699497e-01 -1.644767386279998578e-01
4.446999999999998465e+01 -4.149202200974499433e-01 -1.644767386279998578e-01
4.457999999999998408e+01 -4.330126613465299368e-01 -1.644767386279998578e-01
4.468999999999998352e+01 -4.511051025956099303e-01 -1.644767386279998578e-01
4.479999999999998295e+01 -4.691975438446899238e-01 -1.644767386279998578e-01
4.479999999999998295e+01 -4.691975438446899238e-01 -1.644767386279998578e-01
4.519999999999998153e+01 -5.349304795107620025e-01 -1.641814973730841010e-01
4.530999999999998096e+01 -5.529904442218012139e-01 -1.641814973730840732e-01
4.541999999999998039e+01 -5.710504089328404254e-01 -1.641814973730840455e-01
4.552999999999997982e+01 -5.891103736438796368e-01 -1.641814973730840455e-01
4.563999999999997925e+01 -6.071703383549188482e-01 -1.641814973730840455e-01
4.574999999999997868e+01 -6.252303030659580596e-01 -1.641814973730840455e-01
4.574999999999997868e+01 -6.252303030659580596e-01 -1.641814973730840455e-01
4.604999999999997584e+01 -6.724966550791454667e-01 -1.507646925730842802e-01
4.634999999999998010e+01 -7.155956732862759351e-01 -1.364136276613398535e-01
4.664999999999997726e+01 -7.542602812725798245e-01 -1.212172334563280662e-01
4.694999999999998153e+01 -7.882508818196276579e-01 -1.052696791213108274e-01
4.724999999999997868e+01 -8.173568416437031470e-01 -8.866978861593573236e-02
4.724999999999997868e+01 -8.173568416437031470e-01 -8.866978861593573236e-02
4.735999999999997812e+01 -8.271105183914561065e-01 -8.866978861593574623e-02
4.746999999999997755e+01 -8.368641951392090661e-01 -8.866978861593576011e-02
4.757999999999997698e+01 -8.466178718869620257e-01 -8.866978861593577399e-02
4.768999999999997641e+01 -8.563715486347149852e-01 -8.866978861593578787e-02
4.779999999999997584e+01 -8.661252253824679448e-01 -8.866978861593580175e-02
4.779999999999997584e+01 -8.661252253824679448e-01 -8.866978861593580175e-02
4.799999999999997868e+01 -8.838848230011022711e-01 -8.892705785418528186e-02
4.799999999999997868e+01 -8.838848230011022711e-01 -8.892705785418528186e-02
4.819999999999998153e+01 -9.016963971450097093e-01 -8.918955641570147641e-02
4.830999999999998096e+01 -9.115072483507368206e-01 -8.918955641570149029e-02
4.841999999999998039e+01 -9.213180995564639320e-01 -8.918955641570150417e-02
4.852999999999997982e+01 -9.311289507621910433e-01 -8.918955641570151804e-02
4.863999999999997925e+01 -9.409398019679182656e-01 -8.918955641570153192e-02
4.874999999999997868e+01 -9.507506531736454880e-01 -8.918955641570154580e-02
4.874999999999997868e+01 -9.507506531736454880e-01 -8.918955641570154580e-02
4.904999999999997584e+01 -9.745340694079953625e-01 -6.928462252711142799e-02
4.934999999999998010e+01 -9.922784834526271469e-01 -4.895034501649733055e-02
4.964999999999997726e+01 -1.003873936550190082e+00 -2.831273153228363107e-02
4.994999999999998153e+01 -1.009248573884267142e+00 -7.499669438239126885e-03
5.024999999999997868e+01 -1.008369089850010836e+00 1.335986668025555303e-02
5.024999999999997868e+01 -1.008369089850010836e+00 1.335986668025555303e-02
5.035999999999997812e+01 -1.006899504515182731e+00 1.335986668025555130e-02
5.046999999999997755e+01 -1.005429919180354625e+00 1.335986668025555130e-02
5.057999999999997698e+01 -1.003960333845526520e+00 1.335986668025555130e-02
5.068999999999997641e+01 -1.002490748510698415e+00 1.335986668025555130e-02
5.079999999999997584e+01 -1.001021163175870310e+00 1.335986668025555130e-02
5.079999999999997584e+01 -1.001021163175870310e+00 1.335986668025555130e-02
5.119999999999997442e+01 -9.955596995138190630e-01 1.394691636488784407e-02
5.130999999999997385e+01 -9.940255387136813781e-01 1.394691636488784407e-02
5.141999999999997328e+01 -9.924913779135436931e-01 1.394691636488784407e-02
5.152999999999997272e+01 -9.909572171134060081e-01 1.394691636488784407e-02
5.163999999999997215e+01 -9.894230563132683232e-01 1.394691636488784407e-02
5.174999999999997158e+01 -9.878888955131306382e-01 1.394691636488784407e-02
5.174999999999997158e+01 -9.878888955131306382e-01 1.394691636488784407e-02
5.204999999999996874e+01 -9.806482630633395203e-01 3.429902405009972038e-02
5.234999999999997300e+01 -9.673307399291858344e-01 5.443858720983158622e-02
5.264999999999997016e+01 -9.480188522674188878e-01 7.424080480343869803e-02
5.294999999999997442e+01 -9.228322721711280652e-01 9.358296625651368883e-02
5.324999999999997158e+01 -8.919270760845673385e-01 1.123452118750623702e-01
5.324999999999997158e+01 -8.919270760845673385e-01 1.123452118750623702e-01
5.335999999999997101e+01 -8.795691027783104632e-01 1.123452118750623702e-01
5.346999999999997044e+01 -8.672111294720535879e-01 1.123452118750623702e-01
5.357999999999996987e+01 -8.548531561657967126e-01 1.123452118750623702e-01
5.368999999999996930e+01 -8.424951828595398373e-01 1.123452118750623702e-01
5.379999999999996874e+01 -8.301372095532829620e-01 1.123452118750623702e-01
5.379999999999996874e+01 -8.301372095532829620e-01 1.123452118750623702e-01
5.399999999999997158e+01 -8.076923549229402255e-01 1.121044343064852566e-01
5.399999999999997158e+01 -8.076923549229402255e-01 1.121044343064852566e-01
5.419999999999997442e+01 -7.852949963475199802e-01 1.118702489983603166e-01
5.430999999999997385e+01 -7.729892689577003706e-01 1.118702489983603304e-01
5.441999999999997328e+01 -7.606835415678807610e-01 1.118702489983603443e-01
5.452999999999997272e+01 -7.483778141780611515e-01 1.118702489983603582e-01
5.463999999999997215e+01 -7.360720867882415419e-01 1.118702489983603721e-01
5.474999999999997158e+01 -7.237663593984219323e-01 1.118702489983603859e-01
5.474999999999997158e+01 -7.237663593984219323e-01 1.118702489983603859e-01
5.504999999999996874e+01 -6.879974325923201572e-01 1.264660459816682181e-01
5.534999999999997300e+01 -6.479651166114639427e-01 1.402781569425186892e-01
5.564999999999997016e+01 -6.039174841004696370e-01 1.532209908575080659e-01
5.594999999999997442e+01 -5.561274898564405600e-01 1.652143434476823214e-01
5.624999999999997158e+01 -5.048912793800279797e-01 1.761838941891858690e-01
5.624999999999997158e+01 -5.048912793800279797e-01 1.761838941891858690e-01
5.635999999999997101e+01 -4.855110510192175433e-01 1.761838941891858412e-01
5.646999999999997044e+01 -4.661308226584071068e-01 1.761838941891858135e-01
5.657999999999996987e+01 -4.467505942975966704e-01 1.761838941891857857e-01
5.668999999999996930e+01 -4.273703659367862340e-01 1.761838941891857580e-01
5.679999999999996874e+01 -4.079901375759757975e-01 1.761838941891857302e-01
5.679999999999996874e+01 -4.079901375759757975e-01 1.761838941891857302e-01
5.719999999999996732e+01 -3.374713603881546176e-01 1.764030803716556128e-01
5.730999999999996675e+01 -3.180670215472725104e-01 1.764030803716555851e-01
5.741999999999996618e+01 -2.986626827063904033e-01 1.764030803716555573e-01
5.752999999999996561e+01 -2.792583438655082961e-01 1.764030803716555296e-01
5.763999999999996504e+01 -2.598540050246261890e-01 1.764030803716555018e-01
5.774999999999996447e+01 -2.404496661837440818e-01 1.764030803716554741e-01
5.774999999999996447e+01 -2.404496661837440818e-01 1.764030803716554741e-01
5.804999999999996163e+01 -1.868383997728433610e-01 1.808206818850836006e-01
5.834999999999996589e+01 -1.320693313509382905e-01 1.841177720401755147e-01
5.864999999999996305e+01 -7.648185441335499102e-02 1.862739193966409246e-01
5.894999999999996732e+01 -2.042043397725606599e-02 1.872757627195748009e-01
5.924999999999996447e+01 3.576752800251423864e-02 1.871170937765526121e-01
5.924999999999996447e+01 3.576752800251423864e-02 1.871170937765526121e-01
5.935999999999996390e+01 5.635040831793503013e-02 1.871170937765526121e-01
5.946999999999996334e+01 7.693328863335582857e-02 1.871170937765526121e-01
5.957999999999996277e+01 9.751616894877661312e-02 1.871170937765526121e-01
5.968999999999996220e+01 1.180990492641973977e-01 1.871170937765526121e-01
5.979999999999996163e+01 1.386819295796181684e-01 1.871170937765526121e-01
5.979999999999996163e+01 1.386819295796181684e-01 1.871170937765526121e-01
5.999999999999996447e+01 1.761097926828229243e-01 1.871633713545976518e-01
5.999999999999996447e+01 1.761097926828229243e-01 1.871633713545976518e-01
6.019999999999996732e+01 2.135480118582805120e-01 1.872206550065657338e-01
6.030999999999996675e+01 2.341422839090027408e-01 1.872206550065657338e-01
6.041999999999996618e+01 2.547365559597249973e-01 1.872206550065657338e-01
6.052999999999996561e+01 2.753308280104472261e-01 1.872206550065657338e-01
6.063999999999996504e+01 2.959251000611694549e-01 1.872206550065657338e-01
6.074999999999996447e+01 3.165193721118916836e-01 1.872206550065657338e-01
6.074999999999996447e+01 3.165193721118916836e-01 1.872206550065657338e-01
6.104999999999996163e+01 3.716468429238776738e-01 1.801059135587294302e-01
6.134999999999996589e+01 4.244712889687758395e-01 1.718750900358766986e-01
6.164999999999996305e+01 4.746653672061025842e-01 1.625791892851771447e-01
6.194999999999996732e+01 5.219180344841588548e-01 1.522758162347249977e-01
6.224999999999996447e+01 5.659364750152573453e-01 1.410288189267335512e-01
6.224999999999996447e+01 5.659364750152573453e-01 1.410288189267335512e-01
6.235999999999996390e+01 5.814496450971979868e-01 1.410288189267335235e-01
6.246999999999996334e+01 5.969628151791386284e-01 1.410288189267335235e-01
6.257999999999996277e+01 6.124759852610792699e-01 1.410288189267335235e-01
6.268999999999996220e+01 6.279891553430199114e-01 1.410288189267335235e-01
6.279999999999996163e+01 6.435023254249605529e-01 1.410288189267335235e-01
6.279999999999996163e+01 6.435023254249605529e-01 1.410288189267335235e-01
6.319999999999996021e+01 6.998359615405829182e-01 1.406338405251799373e-01
6.330999999999995964e+01 7.153056839983527038e-01 1.406338405251799373e-01
6.341999999999995907e+01 7.307754064561224894e-01 1.406338405251799373e-01
6.352999999999995850e+01 7.462451289138922750e-01 1.406338405251799373e-01
6.363999999999995794e+01 7.617148513716620606e-01 1.406338405251799373e-01
6.374999999999995737e+01 7.771845738294318462e-01 1.406338405251799373e-01
6.374999999999995737e+01 7.771845738294318462e-01 1.406338405251799373e-01
6.404999999999995453e+01 8.169231104631511364e-01 1.241528454313291507e-01
6.434999999999995168e+01 8.515993300288638990e-01 1.069024987786680453e-01
6.464999999999996305e+01 8.809983505922590608e-01 8.898969768292402938e-02
6.494999999999996021e+01 9.049379920170720348e-01 7.052544436397545358e-02
6.524999999999995737e+01 9.232699049007300207e-01 5.162415828617653024e-02
6.524999999999995737e+01 9.232699049007300207e-01 5.162415828617653024e-02
6.535999999999995680e+01 9.289485623122094582e-01 5.162415828617652330e-02
6.546999999999995623e+01 9.346272197236888957e-01 5.162415828617651636e-02
6.557999999999995566e+01 9.403058771351683331e-01 5.162415828617650942e-02
6.568999999999995509e+01 9.459845345466477706e-01 5.162415828617650249e-02
6.579999999999995453e+01 9.516631919581272081e-01 5.162415828617649555e-02
6.579999999999995453e+01 9.516631919581272081e-01 5.162415828617649555e-02
6.599999999999995737e+01 9.620161059102856349e-01 5.190548856520613152e-02
6.599999999999995737e+01 9.620161059102856349e-01 5.190548856520613152e-02
6.619999999999996021e+01 9.724255908693679729e-01 5.218987112759668895e-02
6.630999999999995964e+01 9.781664766934036193e-01 5.218987112759668201e-02
6.641999999999995907e+01 9.839073625174392657e-01 5.218987112759667507e-02
6.652999999999995850e+01 9.896482483414749121e-01 5.218987112759666813e-02
6.663999999999995794e+01 9.953891341655105585e-01 5.218987112759666119e-02
6.674999999999995737e+01 1.001130019989546094e+00 5.218987112759666119e-02
6.674999999999995737e+01 1.001130019989546094e+00 5.218987112759666119e-02
6.704999999999995453e+01 1.013668901332803518e+00 3.135947713063731018e-02
6.734999999999995168e+01 1.019926269379646921e+00 1.033475442110812041e-02
6.764999999999996305e+01 1.019863348410966930e+00 -1.075401079502189515e-02
6.794999999999996021e+01 1.013480528336035968e+00 -3.177613545258101135e-02
6.824999999999995737e+01 1.000817362276305911e+00 -5.260134944523814360e-02
6.824999999999995737e+01 1.000817362276305911e+00 -5.260134944523814360e-02
6.835999999999995680e+01 9.950312138373297310e-01 -5.260134944523814360e-02
6.846999999999995623e+01 9.892450653983535513e-01 -5.260134944523814360e-02
6.857999999999995566e+01 9.834589169593773716e-01 -5.260134944523814360e-02
6.868999999999995509e+01 9.776727685204011919e-01 -5.260134944523814360e-02
6.879999999999995453e+01 9.718866200814250123e-01 -5.260134944523814360e-02
6.879999999999995453e+01 9.718866200814250123e-01 -5.260134944523814360e-02
6.919999999999996021e+01 9.507326050665391159e-01 -5.316665237430188290e-02
6.930999999999995964e+01 9.448842733053659515e-01 -5.316665237430187596e-02
6.941999999999995907e+01 9.390359415441927871e-01 -5.316665237430186902e-02
6.952999999999995850e+01 9.331876097830196226e-01 -5.316665237430186208e-02
6.963999999999995794e+01 9.273392780218464582e-01 -5.316665237430185514e-02
6.974999999999995737e+01 9.214909462606732937e-01 -5.316665237430185514e-02
6.974999999999995737e+01 9.214909462606732937e-01 -5.316665237430185514e-02
7.004999999999995453e+01 9.027022751105814313e-01 -7.202643194118879544e-02
7.034999999999995168e+01 8.783197297315830099e-01 -9.043987741482496789e-02
7.064999999999996305e+01 8.484944041177794327e-01 -1.082928841774079276e-01
7.094999999999996021e+01 8.134111201367095756e-01 -1.254748205431612806e-01
7.124999999999995737e+01 7.732872822234114762e-01 -1.418792133218839402e-01
7.124999999999995737e+01 7.732872822234114762e-01 -1.418792133218839402e-01
7.135999999999995680e+01 7.576805687580042692e-01 -1.418792133218839679e-01
7.146999999999995623e+01 7.420738552925970621e-01 -1.418792133218839679e-01
7.157999999999995566e+01 7.264671418271898551e-01 -1.418792133218839679e-01
7.168999999999995509e+01 7.108604283617826480e-01 -1.418792133218839679e-01
7.179999999999995453e+01 6.952537148963754410e-01 -1.418792133218839679e-01
7.179999999999995453e+01 6.952537148963754410e-01 -1.418792133218839679e-01
7.199999999999995737e+01 6.668980361981730054e-01 -1.416789631897729940e-01
7.199999999999995737e+01 6.668980361981730054e-01 -1.416789631897729940e-01
7.219999999999996021e+01 6.385815741962310721e-01 -1.414870444375197212e-01
7.230999999999995964e+01 6.230179993081038647e-01 -1.414870444375197212e-01
7.241999999999995907e+01 6.074544244199766574e-01 -1.414870444375197212e-01
7.252999999999995850e+01 5.918908495318494500e-01 -1.414870444375197212e-01
7.263999999999995794e+01 5.763272746437222427e-01 -1.414870444375197212e-01
7.274999999999995737e+01 5.607636997555950353e-01 -1.414870444375197212e-01
7.274999999999995737e+01 5.607636997555950353e-01 -1.414870444375197212e-01
7.304999999999995453e+01 5.166239609294192014e-01 -1.526258281752063684e-01
7.334999999999995168e+01 4.692828017227247406e-01 -1.628188186979773744e-01
7.364999999999996305e+01 4.190335862908404208e-01 -1.720028519831117153e-01
7.394999999999996021e+01 3.661876994601701019e-01 -1.801210163239203854e-01
7.424999999999995737e+01 3.110726171356694714e-01 -1.871230050007549883e-01
7.424999999999995737e+01 3.110726171356694714e-01 -1.871230050007549883e-01
7.435999999999995680e+01 2.904890865855864202e-01 -1.871230050007549883e-01
7.446999999999995623e+01 2.699055560355033689e-01 -1.871230050007549883e-01
7.457999999999995566e+01 2.493220254854203177e-01 -1.871230050007549883e-01
7.468999999999995509e+01 2.287384949353372665e-01 -1.871230050007549883e-01
7.479999999999995453e+01 2.081549643852542153e-01 -1.871230050007549883e-01
7.479999999999995453e+01 2.081549643852542153e-01 -1.871230050007549883e-01
7.519999999999996021e+01 1.332842163021162318e-01 -1.872233975103143599e-01
7.530999999999995964e+01 1.126896425759816578e-01 -1.872233975103143599e-01
7.541999999999995907e+01 9.209506884984708375e-02 -1.872233975103143599e-01
7.552999999999995850e+01 7.150049512371250970e-02 -1.872233975103143599e-01
7.563999999999995794e+01 5.090592139757792872e-02 -1.872233975103143599e-01
7.574999999999995737e+01 3.031134767144335121e-02 -1.872233975103143599e-01
7.574999999999995737e+01 3.031134767144335121e-02 -1.872233975103143599e-01
7.604999999999995453e+01 -2.589156702880388711e-02 -1.872690922797564939e-01
7.634999999999995168e+01 -8.193403661493127432e-02 -1.861543161186807460e-01
7.664999999999996305e+01 -1.374687765669072026e-01 -1.838859770828362161e-01
7.694999999999996021e+01 -1.921516486686309089e-01 -1.804781316375958511e-01
7.724999999999995737e+01 -2.456437935669717187e-01 -1.759518975527234741e-01
7.724999999999995737e+01 -2.456437935669717187e-01 -1.759518975527234741e-01
7.735999999999995680e+01 -2.649985022977713323e-01 -1.759518975527234741e-01
7.746999999999995623e+01 -2.843532110285709180e-01 -1.759518975527234741e-01
7.757999999999995566e+01 -3.037079197593705038e-01 -1.759518975527234741e-01
7.768999999999995509e+01 -3.230626284901700895e-01 -1.759518975527234741e-01
7.779999999999995453e+01 -3.424173372209696753e-01 -1.759518975527234741e-01
7.779999999999995453e+01 -3.424173372209696753e-01 -1.759518975527234741e-01
7.799999999999995737e+01 -3.776181294871837069e-01 -1.760577500740868329e-01
7.799999999999995737e+01 -3.776181294871837069e-01 -1.760577500740868329e-01
7.819999999999996021e+01 -4.128411274500451977e-01 -1.761739556073563806e-01
7.830999999999995964e+01 -4.322202625668544185e-01 -1.761739556073563806e-01
7.841999999999995907e+01 -4.515993976836636392e-01 -1.761739556073563806e-01
7.852999999999995850e+01 -4.709785328004728600e-01 -1.761739556073563806e-01
7.863999999999995794e+01 -4.903576679172820807e-01 -1.761739556073563806e-01
7.874999999999995737e+01 -5.097368030340913014e-01 -1.761739556073563806e-01
7.874999999999995737e+01 -5.097368030340913014e-01 -1.761739556073563806e-01
7.904999999999995453e+01 -5.609550216219385543e-01 -1.651043980843299452e-01
7.934999999999995168e+01 -6.086971086816550525e-01 -1.530117200231234376e-01
7.964999999999996305e+01 -6.526672155842937473e-01 -1.399708574486511203e-01
7.994999999999996021e+01 -6.925928679441969438e-01 -1.260626221048040674e-01
8.024999999999995737e+01 -7.282266540909090313e-01 -1.113732006794926482e-01
8.024999999999995737e+01 -7.282266540909090313e-01 -1.113732006794926482e-01
8.035999999999995680e+01 -7.404777061656532267e-01 -1.113732006794926344e-01
8.046999999999995623e+01 -7.527287582403974220e-01 -1.113732006794926205e-01
8.057999999999995566e+01 -7.649798103151416173e-01 -1.113732006794926066e-01
8.068999999999995509e+01 -7.772308623898858126e-01 -1.113732006794925927e-01
8.079999999999995453e+01 -7.894819144646300080e-01 -1.113732006794925927e-01
8.079999999999995453e+01 -7.894819144646300080e-01 -1.113732006794925927e-01
8.119999999999996021e+01 -8.339366001778297788e-01 -1.108958709880904503e-01
8.130999999999995964e+01 -8.461351459865197322e-01 -1.108958709880904503e-01
8.141999999999995907e+01 -8.583336917952096856e-01 -1.108958709880904503e-01
8.152999999999995850e+01 -8.705322376038996390e-01 -1.108958709880904503e-01
8.163999999999995794e+01 -8.827307834125895925e-01 -1.108958709880904503e-01
8.174999999999995737e+01 -8.949293292212795459e-01 -1.108958709880904503e-01
8.174999999999995737e+01 -8.949293292212795459e-01 -1.108958709880904503e-01
8.204999999999995453e+01 -9.253908700033572909e-01 -9.207613342063647455e-02
8.234999999999995168e+01 -9.501179396512573483e-01 -7.268581757499932572e-02
8.264999999999996305e+01 -9.689573092195393755e-01 -5.284508154880725866e-02
8.294999999999996021e+01 -9.817922347198219102e-01 -3.267687460785553138e-02
8.324999999999995737e+01 -9.885431805610676026e-01 -1.230617529284581436e-02
8.324999999999995737e+01 -9.885431805610676026e-01 -1.230617529284581436e-02
8.335999999999995680e+01 -9.898968598432806854e-01 -1.230617529284581436e-02
8.346999999999995623e+01 -9.912505391254937681e-01 -1.230617529284581436e-02
8.357999999999995566e+01 -9.926042184077068509e-01 -1.230617529284581436e-02
8.368999999999995509e+01 -9.939578976899199336e-01 -1.230617529284581436e-02
8.379999999999995453e+01 -9.953115769721330164e-01 -1.230617529284581436e-02
8.379999999999995453e+01 -9.953115769721330164e-01 -1.230617529284581436e-02
8.399999999999995737e+01 -9.978021006201499565e-01 -1.259918323188732522e-02
8.399999999999995737e+01 -9.978021006201499565e-01 -1.259918323188732522e-02
8.419999999999996021e+01 -1.000351299657483262e+00 -1.289293206131254983e-02
8.430999999999995964e+01 -1.001769522184227545e+00 -1.289293206131254810e-02
8.441999999999995907e+01 -1.003187744710971829e+00 -1.289293206131254636e-02
8.452999999999995850e+01 -1.004605967237716113e+00 -1.289293206131254463e-02
8.463999999999995794e+01 -1.006024189764460397e+00 -1.289293206131254289e-02
8.474999999999995737e+01 -1.007442412291204681e+00 -1.289293206131254116e-02
8.474999999999995737e+01 -1.007442412291204681e+00 -1.289293206131254116e-02
8.504999999999995453e+01 -1.008184831867185549e+00 7.946025713833617873e-03
8.534999999999995168e+01 -1.002679721881695629e+00 2.873574347961942513e-02
8.564999999999996305e+01 -9.909611964537846651e-01 4.934739131102686832e-02
8.594999999999996021e+01 -9.731018730556769691e-01 6.965324274850429043e-02
8.624999999999995737e+01 -9.492124225161251427e-01 8.952746629458374628e-02
8.624999999999995737e+01 -9.492124225161251427e-01 8.952746629458374628e-02
8.635999999999995680e+01 -9.393644012237208907e-01 8.952746629458374628e-02
8.646999999999995623e+01 -9.295163799313166386e-01 8.952746629458374628e-02
8.657999999999995566e+01 -9.196683586389123866e-01 8.952746629458374628e-02
8.668999999999995509e+01 -9.098203373465081345e-01 8.952746629458374628e-02
8.679999999999995453e+01 -8.999723160541038824e-01 8.952746629458374628e-02
8.679999999999995453e+01 -8.999723160541038824e-01 8.952746629458374628e-02
8.719999999999996021e+01 -8.640568909187074098e-01 9.004613939667913125e-02
8.730999999999995964e+01 -8.541518155850726934e-01 9.004613939667913125e-02
8.741999999999995907e+01 -8.442467402514379771e-01 9.004613939667913125e-02
8.752999999999995850e+01 -8.343416649178032607e-01 9.004613939667913125e-02
8.763999999999995794e+01 -8.244365895841685443e-01 9.004613939667913125e-02
8.774999999999995737e+01 -8.145315142505338279e-01 9.004613939667913125e-02
8.774999999999995737e+01 -8.145315142505338279e-01 9.004613939667913125e-02
8.804999999999995453e+01 -7.850218297377014043e-01 1.065834355118549653e-01
8.834999999999995168e+01 -7.506475143232091973e-01 1.224602543582975767e-01
8.864999999999996305e+01 -7.116215790987948653e-01 1.375782103107290044e-01
8.894999999999996021e+01 -6.681858603590267176e-01 1.518436202728162820e-01
8.924999999999995737e+01 -6.206095209878064178e-01 1.651680842135147265e-01
8.924999999999995737e+01 -6.206095209878064178e-01 1.651680842135147265e-01
8.935999999999995680e+01 -6.024410317243198421e-01 1.651680842135147265e-01
8.946999999999995623e+01 -5.842725424608332663e-01 1.651680842135147265e-01
8.957999999999995566e+01 -5.661040531973466905e-01 1.651680842135147265e-01
8.968999999999995509e+01 -5.479355639338601147e-01 1.651680842135147265e-01
8.979999999999995453e+01 -5.297670746703735389e-01 1.651680842135147265e-01
8.979999999999995453e+01 -5.297670746703735389e-01 1.651680842135147265e-01
8.999999999999995737e+01 -4.967487104533287456e-01 1.650171759748255695e-01
8.999999999999995737e+01 -4.967487104533287456e-01 1.650171759748255695e-01
9.019999999999996021e+01 -4.637595573633802593e-01 1.648759715111015878e-01
9.030999999999995964e+01 -4.456232004971590888e-01 1.648759715111015600e-01
9.041999999999995907e+01 -4.274868436309379183e-01 1.648759715111015323e-01
9.052999999999995850e+01 -4.093504867647167478e-01 1.648759715111015045e-01
9.063999999999995794e+01 -3.912141298984955773e-01 1.648759715111015045e-01
9.074999999999995737e+01 -3.730777730322744068e-01 1.648759715111015045e-01
9.074999999999995737e+01 -3.730777730322744068e-01 1.648759715111015045e-01
9.104999999999995453e+01 -3.225101314056867396e-01 1.720674435511268252e-01
9.134999999999995168e+01 -2.699439558633505709e-01 1.781926463851844500e-01
9.164999999999996305e+01 -2.157049889925882202e-01 1.832136232968292477e-01
9.194999999999996021e+01 -1.601293393502821738e-01 1.870992602475576860e-01
9.224999999999995737e+01 -1.035613986620988608e-01 1.898254786845514352e-01
9.224999999999995737e+01 -1.035613986620988608e-01 1.898254786845514352e-01
9.235999999999995680e+01 -8.268059600679819598e-02 1.898254786845514630e-01
9.246999999999995623e+01 -6.179979335149753117e-02 1.898254786845514908e-01
9.257999999999995566e+01 -4.091899069619686635e-02 1.898254786845515185e-01
9.268999999999995509e+01 -2.003818804089619807e-02 1.898254786845515185e-01
9.279999999999995453e+01 8.426146144044632802e-04 1.898254786845515185e-01
9.279999999999995453e+01 8.426146144044632802e-04 1.898254786845515185e-01
9.319999999999996021e+01 7.676973034277670416e-02 1.898026585205991601e-01
9.330999999999995964e+01 9.764802278004261482e-02 1.898026585205991323e-01
9.341999999999995907e+01 1.185263152173085255e-01 1.898026585205991046e-01
9.352999999999995850e+01 1.394046076545744084e-01 1.898026585205990768e-01
9.363999999999995794e+01 1.602829000918403191e-01 1.898026585205990491e-01
9.374999999999995737e+01 1.811611925291062020e-01 1.898026585205990213e-01
9.374999999999995737e+01 1.811611925291062020e-01 1.898026585205990213e-01
9.404999999999995453e+01 2.374818586618847871e-01 1.854744351886848108e-01
9.434999999999995168e+01 2.923308949055761219e-01 1.799968620747500747e-01
9.464999999999996305e+01 3.453684122194798367e-01 1.734038826570900582e-01
9.494999999999996021e+01 3.962657472010011617e-01 1.657363523746183953e-01
9.524999999999995737e+01 4.447074987502169230e-01 1.570417854534829349e-01
9.524999999999995737e+01 4.447074987502169230e-01 1.570417854534829349e-01
9.535999999999995680e+01 4.619820951501000250e-01 1.570417854534829349e-01
9.546999999999995623e+01 4.792566915499831270e-01 1.570417854534829349e-01
9.557999999999995566e+01 4.965312879498662291e-01 1.570417854534829349e-01
9.568999999999995509e+01 5.138058843497493866e-01 1.570417854534829349e-01
9.579999999999995453e+01 5.310804807496325441e-01 1.570417854534829349e-01
9.579999999999995453e+01 5.310804807496325441e-01 1.570417854534829349e-01
9.599999999999995737e+01 5.625047606630690922e-01 1.572025535829453813e-01
9.599999999999995737e+01 5.625047606630690922e-01 1.572025535829453813e-01
9.619999999999996021e+01 5.939621184641986629e-01 1.573725659513478536e-01
9.630999999999995964e+01 6.112731007188468846e-01 1.573725659513478536e-01
9.641999999999995907e+01 6.285840829734951063e-01 1.573725659513478536e-01
9.652999999999995850e+01 6.458950652281433280e-01 1.573725659513478536e-01
9.663999999999995794e+01 6.632060474827915497e-01 1.573725659513478536e-01
9.674999999999995737e+01 6.805170297374397714e-01 1.573725659513478536e-01
9.674999999999995737e+01 6.805170297374397714e-01 1.573725659513478536e-01
9.704999999999995453e+01 7.255715117803270831e-01 1.428354436586642962e-01
9.734999999999995168e+01 7.661297652294836169e-01 1.274131973009497432e-01
9.764999999999996305e+01 8.019404583058781233e-01 1.112013956042752078e-01
9.794999999999996021e+01 8.327816789587240143e-01 9.430050001890533107e-02
9.824999999999995737e+01 8.584623100122311667e-01 7.681524217881388616e-02
9.824999999999995737e+01 8.584623100122311667e-01 7.681524217881388616e-02
9.835999999999995680e+01 8.669119866519007234e-01 7.681524217881388616e-02
9.846999999999995623e+01 8.753616632915702800e-01 7.681524217881388616e-02
9.857999999999995566e+01 8.838113399312398366e-01 7.681524217881388616e-02
9.868999999999995509e+01 8.922610165709093932e-01 7.681524217881388616e-02
9.879999999999995453e+01 9.007106932105789499e-01 7.681524217881388616e-02
9.879999999999995453e+01 9.007106932105789499e-01 7.681524217881388616e-02
9.919999999999996021e+01 9.313296562108168697e-01 7.627657193036094241e-02
9.930999999999995964e+01 9.397200791231565820e-01 7.627657193036094241e-02
9.941999999999995907e+01 9.481105020354962942e-01 7.627657193036094241e-02
9.952999999999995850e+01 9.565009249478360065e-01 7.627657193036094241e-02
9.963999999999995794e+01 9.648913478601757188e-01 7.627657193036094241e-02
9.974999999999995737e+01 9.732817707725154310e-01 7.627657193036094241e-02
9.974999999999995737e+01 9.732817707725154310e-01 7.627657193036094241e-02
1.000499999999999545e+02 9.931254829294775544e-01 5.594648468462971175e-02
1.003499999999999517e+02 1.006814985444783872e+00 3.526970771902834118e-02
1.006499999999999631e+02 1.014265447076240223e+00 1.437437108595960439e-02
1.009499999999999602e+02 1.015430698730821257e+00 -6.610040789515387281e-03
1.012499999999999574e+02 1.010303519565752151e+00 -2.755349149999033326e-02
1.012499999999999574e+02 1.010303519565752151e+00 -2.755349149999033326e-02
1.013599999999999568e+02 1.007272635500753299e+00 -2.755349149999032979e-02
1.014699999999999562e+02 1.004241751435754448e+00 -2.755349149999032632e-02
1.015799999999999557e+02 1.001210867370755597e+00 -2.755349149999032285e-02
1.016899999999999551e+02 9.981799833057566351e-01 -2.755349149999032285e-02
1.017999999999999545e+02 9.951490992407576730e-01 -2.755349149999032285e-02
1.017999999999999545e+02 9.951490992407576730e-01 -2.755349149999032285e-02
1.019999999999999574e+02 9.896676066220321255e-01 -2.726170330000035960e-02
1.019999999999999574e+02 9.896676066220321255e-01 -2.726170330000035960e-02
1.021999999999999602e+02 9.842443110466642109e-01 -2.697151821454940243e-02
1.023099999999999596e+02 9.812774440430638290e-01 -2.697151821454940590e-02
1.024199999999999591e+02 9.783105770394634471e-01 -2.697151821454940937e-02
1.025299999999999585e+02 9.753437100358630651e-01 -2.697151821454941284e-02
1.026399999999999579e+02 9.723768430322626832e-01 -2.697151821454941631e-02
1.027499999999999574e+02 9.694099760286623013e-01 -2.697151821454941978e-02
1.027499999999999574e+02 9.694099760286623013e-01 -2.697151821454941978e-02
1.030499999999999545e+02 9.583232545810367320e-01 -4.690176648382698987e-02
1.033499999999999517e+02 9.412979862785180174e-01 -6.654137343087564160e-02
1.036499999999999631e+02 9.184396734691355757e-01 -8.576863614853726114e-02
1.039499999999999602e+02 8.898899647677958047e-01 -1.044644069483987164e-01
1.042499999999999574e+02 8.558257772867636781e-01 -1.225128316963281783e-01
1.042499999999999574e+02 8.558257772867636781e-01 -1.225128316963281783e-01
1.043599999999999568e+02 8.423493658001676154e-01 -1.225128316963281783e-01
1.044699999999999562e+02 8.288729543135715527e-01 -1.225128316963281783e-01
1.045799999999999557e+02 8.153965428269754900e-01 -1.225128316963281783e-01
1.046899999999999551e+02 8.019201313403794273e-01 -1.225128316963281783e-01
1.047999999999999545e+02 7.884437198537833646e-01 -1.225128316963281783e-01
1.047999999999999545e+02 7.884437198537833646e-01 -1.225128316963281783e-01
1.051999999999999602e+02 7.393477822760013973e-01 -1.229620444160679366e-01
1.053099999999999596e+02 7.258219573902339183e-01 -1.229620444160679227e-01
1.054199999999999591e+02 7.122961325044664394e-01 -1.229620444160679088e-01
1.055299999999999585e+02 6.987703076186989604e-01 -1.229620444160678949e-01
1.056399999999999579e+02 6.852444827329314814e-01 -1.229620444160678810e-01
1.057499999999999574e+02 6.717186578471640024e-01 -1.229620444160678672e-01
1.057499999999999574e+02 6.717186578471640024e-01 -1.229620444160678672e-01
1.060499999999999545e+02 6.327868946647675630e-01 -1.364489310440454017e-01
1.063499999999999517e+02 5.899338715054623927e-01 -1.490902696104132730e-01
1.066499999999999631e+02 5.434251403995150609e-01 -1.608077241455247997e-01
1.069499999999999602e+02 4.935489071037134634e-01 -1.715286838132749347e-01
1.072499999999999574e+02 4.406142451451327546e-01 -1.811867128666302118e-01
1.072499999999999574e+02 4.406142451451327546e-01 -1.811867128666302118e-01
1.073599999999999568e+02 4.206837067298034305e-01 -1.811867128666301840e-01
1.074699999999999562e+02 4.007531683144741064e-01 -1.811867128666301563e-01
1.075799999999999557e+02 3.808226298991447822e-01 -1.811867128666301285e-01
1.076899999999999551e+02 3.608920914838154581e-01 -1.811867128666301008e-01
1.077999999999999545e+02 3.409615530684861340e-01 -1.811867128666300730e-01
1.077999999999999545e+02 3.409615530684861340e-01 -1.811867128666300730e-01
1.079999999999999574e+02 3.047338804019069647e-01 -1.810917890846417688e-01
1.079999999999999574e+02 3.047338804019069647e-01 -1.810917890846417688e-01
1.081999999999999602e+02 2.685241275002384631e-01 -1.810075143393912178e-01
1.083099999999999596e+02 2.486133009229054280e-01 -1.810075143393912178e-01
1.084199999999999591e+02 2.287024743455723930e-01 -1.810075143393912178e-01
1.085299999999999585e+02 2.087916477682393579e-01 -1.810075143393912178e-01
1.086399999999999579e+02 1.888808211909063228e-01 -1.810075143393912178e-01
1.087499999999999574e+02 1.689699946135732878e-01 -1.810075143393912178e-01
1.087499999999999574e+02 1.689699946135732878e-01 -1.810075143393912178e-01
1.090499999999999545e+02 1.142002979089492554e-01 -1.839351259730123422e-01
1.093499999999999517e+02 5.872292368869352908e-02 -1.857229266309192439e-01
1.096499999999999631e+02 2.881654684383584079e-03 -1.863598376526294231e-01
1.099499999999999602e+02 -5.297747138567104191e-02 -1.858419122217299102e-01
1.102499999999999574e+02 -1.085083061463206350e-01 -1.841723598235666670e-01
1.102499999999999574e+02 -1.085083061463206350e-01 -1.841723598235666670e-01
1.103599999999999568e+02 -1.287672657269129661e-01 -1.841723598235666670e-01
1.104699999999999562e+02 -1.490262253075053112e-01 -1.841723598235666670e-01
1.105799999999999557e+02 -1.692851848880976562e-01 -1.841723598235666670e-01
1.106899999999999551e+02 -1.895441444686900012e-01 -1.841723598235666670e-01
1.107999999999999545e+02 -2.098031040492823462e-01 -1.841723598235666670e-01
1.107999999999999545e+02 -2.098031040492823462e-01 -1.841723598235666670e-01
1.111999999999999602e+02 -2.834444857907839066e-01 -1.840273314666028559e-01
1.113099999999999596e+02 -3.036874922521102249e-01 -1.840273314666028559e-01
1.114199999999999591e+02 -3.239304987134365432e-01 -1.840273314666028559e-01
1.115299999999999585e+02 -3.441735051747628615e-01 -1.840273314666028559e-01
1.116399999999999579e+02 -3.644165116360891798e-01 -1.840273314666028559e-01
1.117499999999999574e+02 -3.846595180974154982e-01 -1.840273314666028559e-01
1.117499999999999574e+02 -3.846595180974154982e-01 -1.840273314666028559e-01
1.120499999999999545e+02 -4.386188557135148880e-01 -1.755157064532297528e-01
1.123499999999999517e+02 -4.898601557429844156e-01 -1.659164440048229161e-01
1.126499999999999631e+02 -5.380658855999486123e-01 -1.552890289241915800e-01
1.129499999999999602e+02 -5.829373235492714134e-01 -1.436993172803602004e-01
1.132499999999999574e+02 -6.241964098283048212e-01 -1.312191283110410722e-01
1.132499999999999574e+02 -6.241964098283048212e-01 -1.312191283110410722e-01
1.133599999999999568e+02 -6.386305139425193511e-01 -1.312191283110410722e-01
1.134699999999999562e+02 -6.530646180567338810e-01 -1.312191283110410722e-01
1.135799999999999557e+02 -6.674987221709484109e-01 -1.312191283110410722e-01
1.136899999999999551e+02 -6.819328262851629407e-01 -1.312191283110410722e-01
1.137999999999999545e+02 -6.963669303993774706e-01 -1.312191283110410722e-01
1.137999999999999545e+02 -6.963669303993774706e-01 -1.312191283110410722e-01
1.139999999999999574e+02 -7.226314880727791046e-01 -1.314277354802025899e-01
1.139999999999999574e+02 -7.226314880727791046e-01 -1.314277354802025899e-01
1.141999999999999602e+02 -7.489385398277913497e-01 -1.316440712095079402e-01
1.143099999999999596e+02 -7.634193876608372786e-01 -1.316440712095079402e-01
1.144199999999999591e+02 -7.779002354938832076e-01 -1.316440712095079402e-01
1.145299999999999585e+02 -7.923810833269290255e-01 -1.316440712095079402e-01
1.146399999999999579e+02 -8.068619311599749544e-01 -1.316440712095079402e-01
1.147499999999999574e+02 -8.213427789930207723e-01 -1.316440712095079402e-01
1.147499999999999574e+02 -8.213427789930207723e-01 -1.316440712095079402e-01
1.150499999999999545e+02 -8.582503508049114105e-01 -1.142792680631389141e-01
1.153499999999999517e+02 -8.898395085043191433e-01 -9.620629803810963609e-02
1.156499999999999631e+02 -9.159145000918950119e-01 -7.753715589067461389e-02
1.159499999999999602e+02 -9.363137438064288443e-01 -5.838753074228999335e-02
1.162499999999999574e+02 -9.509108294162783581e-01 -3.887608917611624915e-02
1.162499999999999574e+02 -9.509108294162783581e-01 -3.887608917611624915e-02
1.163599999999999568e+02 -9.551871992256510957e-01 -3.887608917611624915e-02
1.164699999999999562e+02 -9.594635690350238333e-01 -3.887608917611624915e-02
1.165799999999999557e+02 -9.637399388443965709e-01 -3.887608917611624915e-02
1.166899999999999551e+02 -9.680163086537693085e-01 -3.887608917611624915e-02
1.167999999999999545e+02 -9.722926784631420460e-01 -3.887608917611624915e-02
1.167999999999999545e+02 -9.722926784631420460e-01 -3.887608917611624915e-02
1.171999999999999602e+02 -9.877281566863095330e-01 -3.829978914507360666e-02
1.173099999999999596e+02 -9.919411334922676460e-01 -3.829978914507360666e-02
1.174199999999999591e+02 -9.961541102982257589e-01 -3.829978914507360666e-02
1.175299999999999585e+02 -1.000367087104183872e+00 -3.829978914507360666e-02
1.176399999999999579e+02 -1.004580063910141874e+00 -3.829978914507360666e-02
1.177499999999999574e+02 -1.008793040716099876e+00 -3.829978914507360666e-02
1.177499999999999574e+02 -1.008793040716099876e+00 -3.829978914507360666e-02
1.180499999999999545e+02 -1.017145458923336188e+00 -1.735422643185018099e-02
1.183499999999999517e+02 -1.019194820268304547e+00 3.698877120339922209e-03
1.186499999999999631e+02 -1.014928425248710520e+00 2.472905943484840843e-02
1.189499999999999602e+02 -1.004372711902664639e+00 4.560600047359140291e-02
1.192499999999999574e+02 -9.875930919771855887e-01 6.620032980550005774e-02
1.192499999999999574e+02 -9.875930919771855887e-01 6.620032980550005774e-02
1.193599999999999568e+02 -9.803110556985805690e-01 6.620032980550005774e-02
1.194699999999999562e+02 -9.730290194199755494e-01 6.620032980550005774e-02
1.195799999999999557e+02 -9.657469831413705297e-01 6.620032980550005774e-02
1.196899999999999551e+02 -9.584649468627655100e-01 6.620032980550005774e-02
1.197999999999999545e+02 -9.511829105841604903e-01 6.620032980550005774e-02
1.197999999999999545e+02 -9.511829105841604903e-01 6.620032980550005774e-02
1.199999999999999574e+02 -9.379706818428461546e-01 6.592260505408567561e-02
1.199999999999999574e+02 -9.379706818428461546e-01 6.592260505408567561e-02
1.201999999999999602e+02 -9.248136101260462372e-01 6.564875685746496270e-02
1.203099999999999596e+02 -9.175922468717251368e-01 6.564875685746496270e-02
1.204199999999999591e+02 -9.103708836174040364e-01 6.564875685746496270e-02
1.205299999999999585e+02 -9.031495203630829360e-01 6.564875685746496270e-02
1.206399999999999579e+02 -8.959281571087618357e-01 6.564875685746496270e-02
1.207499999999999574e+02 -8.887067938544407353e-01 6.564875685746496270e-02
1.207499999999999574e+02 -8.887067938544407353e-01 6.564875685746496270e-02
1.210499999999999545e+02 -8.662789381972487712e-01 8.379302121596421404e-02
1.213499999999999517e+02 -8.384829167992150500e-01 1.014180361664655805e-01
1.216499999999999631e+02 -8.054909763158029090e-01 1.184145828450917926e-01
1.219499999999999602e+02 -7.675075615243434068e-01 1.346773368862541065e-01
1.222499999999999574e+02 -7.247680484186547201e-01 1.501055210976999232e-01
1.222499999999999574e+02 -7.247680484186547201e-01 1.501055210976999232e-01
1.223599999999999568e+02 -7.082564410979077518e-01 1.501055210976999232e-01
1.224699999999999562e+02 -6.917448337771607836e-01 1.501055210976999232e-01
1.225799999999999557e+02 -6.752332264564138153e-01 1.501055210976999232e-01
1.226899999999999551e+02 -6.587216191356668471e-01 1.501055210976999232e-01
1.227999999999999545e+02 -6.422100118149198789e-01 1.501055210976999232e-01
1.227999999999999545e+02 -6.422100118149198789e-01 1.501055210976999232e-01
1.231999999999999602e+02 -5.820946291754145463e-01 1.504655003336117514e-01
1.233099999999999596e+02 -5.655434241387172767e-01 1.504655003336117514e-01
1.234199999999999591e+02 -5.489922191020200071e-01 1.504655003336117514e-01
1.235299999999999585e+02 -5.324410140653227375e-01 1.504655003336117514e-01
1.236399999999999579e+02 -5.158898090286254678e-01 1.504655003336117514e-01
1.237499999999999574e+02 -4.993386039919281982e-01 1.504655003336117514e-01
1.237499999999999574e+02 -4.993386039919281982e-01 1.504655003336117514e-01
1.240499999999999545e+02 -4.526984306762255050e-01 1.603083220276138865e-01
1.243499999999999517e+02 -4.032529713269659699e-01 1.691577435541429253e-01
1.246499999999999631e+02 -3.513086300470498746e-01 1.769589267319036652e-01
1.249499999999999602e+02 -2.971872960352042736e-01 1.836635291131935022e-01
1.252499999999999574e+02 -2.412243488998662422e-01 1.892300035528373114e-01
1.252499999999999574e+02 -2.412243488998662422e-01 1.892300035528373114e-01
1.253599999999999568e+02 -2.204090485090541285e-01 1.892300035528373114e-01
1.254699999999999562e+02 -1.995937481182420148e-01 1.892300035528373114e-01
1.255799999999999557e+02 -1.787784477274299011e-01 1.892300035528373114e-01
1.256899999999999551e+02 -1.579631473366177874e-01 1.892300035528373114e-01
1.257999999999999545e+02 -1.371478469458056737e-01 1.892300035528373114e-01
1.257999999999999545e+02 -1.371478469458056737e-01 1.892300035528373114e-01
1.259999999999999574e+02 -9.930550778052420202e-02 1.891952425098888946e-01
1.259999999999999574e+02 -9.930550778052420202e-02 1.891952425098888946e-01
1.261999999999999602e+02 -6.146900823947949732e-02 1.891716070243071868e-01
1.263099999999999596e+02 -4.066013146680570040e-02 1.891716070243072145e-01
1.264199999999999591e+02 -1.985125469413190000e-02 1.891716070243072423e-01
1.265299999999999585e+02 9.576220785418969317e-04 1.891716070243072700e-01
1.266399999999999579e+02 2.176649885121570080e-02 1.891716070243072978e-01
1.267499999999999574e+02 4.257537562388950814e-02 1.891716070243073256e-01
1.267499999999999574e+02 4.257537562388950814e-02 1.891716070243073256e-01
1.270499999999999545e+02 9.913631684183764337e-02 1.877064928847319014e-01
1.273499999999999517e+02 1.550829291683895883e-01 1.850781973263218583e-01
1.276499999999999631e+02 2.100685220927117625e-01 1.813030073965250233e-01
1.279499999999999602e+02 2.637523603583379894e-01 1.764043172289846417e-01
1.282499999999999432e+02 3.158017754347209327e-01 1.704124830745310237e-01
1.282499999999999432e+02 3.158017754347209327e-01 1.704124830745310237e-01
1.283599999999999568e+02 3.345471485729193395e-01 1.704124830745310515e-01
1.284699999999999420e+02 3.532925217111177463e-01 1.704124830745310792e-01
1.285799999999999557e+02 3.720378948493161531e-01 1.704124830745311070e-01
1.286899999999999409e+02 3.907832679875145598e-01 1.704124830745311348e-01
1.287999999999999545e+02 4.095286411257129666e-01 1.704124830745311625e-01
1.287999999999999545e+02 4.095286411257129666e-01 1.704124830745311625e-01
1.291999999999999602e+02 4.776427989364034343e-01 1.701516302717042128e-01
1.293099999999999739e+02 4.963594782662908989e-01 1.701516302717042406e-01
1.294199999999999591e+02 5.150761575961784189e-01 1.701516302717042683e-01
1.295299999999999727e+02 5.337928369260659389e-01 1.701516302717042961e-01
1.296399999999999579e+02 5.525095162559534590e-01 1.701516302717043239e-01
1.297499999999999716e+02 5.712261955858409790e-01 1.701516302717043239e-01
1.297499999999999716e+02 5.712261955858409790e-01 1.701516302717043239e-01
1.300499999999999829e+02 6.204490638863254803e-01 1.578312617681568997e-01
1.303499999999999659e+02 6.658271273995405304e-01 1.445328429682285198e-01
1.306499999999999773e+02 7.070791869006233243e-01 1.303387816427347690e-01
1.309499999999999602e+02 7.439496112264587513e-01 1.153370356888035603e-01
1.312499999999999716e+02 7.762099213733562042e-01 9.962056807152226690e-02
1.312499999999999716e+02 7.762099213733562042e-01 9.962056807152226690e-02
1.313599999999999852e+02 7.871681838612236692e-01 9.962056807152226690e-02
1.314699999999999704e+02 7.981264463490911343e-01 9.962056807152226690e-02
1.315799999999999841e+02 8.090847088369585993e-01 9.962056807152226690e-02
1.316899999999999693e+02 8.200429713248260644e-01 9.962056807152226690e-02
1.317999999999999829e+02 8.310012338126935294e-01 9.962056807152226690e-02
1.317999999999999829e+02 8.310012338126935294e-01 9.962056807152226690e-02
1.319999999999999716e+02 8.509499760608537633e-01 9.986783196977053190e-02
1.319999999999999716e+02 8.509499760608537633e-01 9.986783196977053190e-02
1.321999999999999602e+02 8.709487581126013067e-01 1.001209685595248200e-01
1.323099999999999739e+02 8.819620646541490583e-01 1.001209685595248061e-01
1.324199999999999591e+02 8.929753711956968099e-01 1.001209685595247922e-01
1.325299999999999727e+02 9.039886777372445614e-01 1.001209685595247784e-01
1.326399999999999579e+02 9.150019842787923130e-01 1.001209685595247784e-01
1.327499999999999716e+02 9.260152908203400646e-01 1.001209685595247784e-01
1.327499999999999716e+02 9.260152908203400646e-01 1.001209685595247784e-01
1.330499999999999829e+02 9.531513831705304973e-01 8.069283516569529524e-02
1.333499999999999659e+02 9.743809777688315910e-01 6.076466362691285844e-02
1.336499999999999773e+02 9.895725188571731223e-01 4.045994503019614830e-02
1.339499999999999602e+02 9.986318673461430651e-01 1.990450385300882377e-02
1.342499999999999716e+02 1.001502884177004171e+00 -7.742817470434607647e-04
1.342499999999999716e+02 1.001502884177004171e+00 -7.742817470434607647e-04
1.343599999999999852e+02 1.001417713184829417e+00 -7.742817470434606563e-04
1.344699999999999704e+02 1.001332542192654662e+00 -7.742817470434606563e-04
1.345799999999999841e+02 1.001247371200479908e+00 -7.742817470434606563e-04
1.346899999999999693e+02 1.001162200208305153e+00 -7.742817470434606563e-04
1.347999999999999829e+02 1.001077029216130398e+00 -7.742817470434606563e-04
1.347999999999999829e+02 1.001077029216130398e+00 -7.742817470434606563e-04
1.351999999999999886e+02 1.000649595602917774e+00 -1.362844427263201590e-03
1.353100000000000023e+02 1.000499682715918714e+00 -1.362844427263201590e-03
1.354199999999999875e+02 1.000349769828919655e+00 -1.362844427263201590e-03
1.355300000000000011e+02 1.000199856941920595e+00 -1.362844427263201590e-03
1.356399999999999864e+02 1.000049944054921536e+00 -1.362844427263201590e-03
1.357500000000000000e+02 9.999000311679225872e-01 -1.362844427263201590e-03
1.357500000000000000e+02 9.999000311679225872e-01 -1.362844427263201590e-03
1.360500000000000114e+02 9.963935050774102020e-01 -2.200191686943510708e-02
1.363499999999999943e+02 9.867125180338424117e-01 -4.250464761938733960e-02
1.366500000000000057e+02 9.709170612717891169e-01 -6.274398515599094450e-02
1.369499999999999886e+02 9.491050162311830407e-01 -8.259451015577524979e-02
1.372500000000000000e+02 9.214115480046523032e-01 -1.019332126925622389e-01
1.372500000000000000e+02 9.214115480046523032e-01 -1.019332126925622389e-01
1.373600000000000136e+02 9.101988946084704768e-01 -1.019332126925622528e-01
1.374699999999999989e+02 8.989862412122886504e-01 -1.019332126925622667e-01
1.375800000000000125e+02 8.877735878161068239e-01 -1.019332126925622806e-01
1.376899999999999977e+02 8.765609344199249975e-01 -1.019332126925622944e-01
1.378000000000000114e+02 8.653482810237431710e-01 -1.019332126925623083e-01
1.378000000000000114e+02 8.653482810237431710e-01 -1.019332126925623083e-01
1.380000000000000000e+02 8.449868819261081576e-01 -1.016817760651384378e-01
1.380000000000000000e+02 8.449868819261081576e-01 -1.016817760651384378e-01
1.381999999999999886e+02 8.246751719744804809e-01 -1.014363187975428210e-01
1.383100000000000023e+02 8.135171769067507386e-01 -1.014363187975428210e-01
1.384199999999999875e+02 8.023591818390209962e-01 -1.014363187975428210e-01
1.385300000000000011e+02 7.912011867712912538e-01 -1.014363187975428210e-01
1.386399999999999864e+02 7.800431917035615115e-01 -1.014363187975428210e-01
1.387500000000000000e+02 7.688851966358317691e-01 -1.014363187975428210e-01
1.387500000000000000e+02 7.688851966358317691e-01 -1.014363187975428210e-01
1.390500000000000114e+02 7.361034189432207331e-01 -1.169959389123330779e-01
1.393499999999999943e+02 6.987601484322442102e-01 -1.318305574561465798e-01
1.396500000000000057e+02 6.570867942444293952e-01 -1.458482471206744568e-01
1.399499999999999886e+02 6.113415982258978421e-01 -1.589621429504082528e-01
1.402500000000000000e+02 5.618080346517896340e-01 -1.710909806282637780e-01
1.402500000000000000e+02 5.618080346517896340e-01 -1.710909806282637780e-01
1.403600000000000136e+02 5.429880267826806550e-01 -1.710909806282637780e-01
1.404699999999999989e+02 5.241680189135716761e-01 -1.710909806282637780e-01
1.405800000000000125e+02 5.053480110444626971e-01 -1.710909806282637780e-01
1.406899999999999977e+02 4.865280031753536627e-01 -1.710909806282637780e-01
1.408000000000000114e+02 4.677079953062446283e-01 -1.710909806282637780e-01
1.408000000000000114e+02 4.677079953062446283e-01 -1.710909806282637780e-01
1.412000000000000171e+02 3.992192804792537020e-01 -1.713458810900279072e-01
1.413100000000000307e+02 3.803712335593506522e-01 -1.713458810900279072e-01
1.414200000000000159e+02 3.615231866394476024e-01 -1.713458810900279072e-01
1.415300000000000296e+02 3.426751397195445525e-01 -1.713458810900279072e-01
1.416400000000000148e+02 3.238270927996415027e-01 -1.713458810900279072e-01
1.417500000000000284e+02 3.049790458797384529e-01 -1.713458810900279072e-01
1.417500000000000284e+02 3.049790458797384529e-01 -1.713458810900279072e-01
1.420500000000000398e+02 2.526834338608119901e-01 -1.771113840627542291e-01
1.423500000000000227e+02 1.988219906839055751e-01 -1.817793614899360921e-01
1.426500000000000341e+02 1.437284854634066633e-01 -1.853208868036994861e-01
1.429500000000000171e+02 8.774432216774484539e-02 -1.877140138455720975e-01
1.432500000000000284e+02 3.121642400396305861e-02 -1.889439128626357878e-01
1.432500000000000284e+02 3.121642400396305861e-02 -1.889439128626357878e-01
1.433600000000000421e+02 1.043259358907312057e-02 -1.889439128626357878e-01
1.434700000000000273e+02 -1.035123682581681748e-02 -1.889439128626357878e-01
1.435800000000000409e+02 -3.113506724070675205e-02 -1.889439128626357878e-01
1.436900000000000261e+02 -5.191889765559669356e-02 -1.889439128626357878e-01
1.438000000000000398e+02 -7.270272807048662467e-02 -1.889439128626357878e-01
1.438000000000000398e+02 -7.270272807048662467e-02 -1.889439128626357878e-01
1.440000000000000284e+02 -1.104940186302849070e-01 -1.889708446436944023e-01
1.440000000000000284e+02 -1.104940186302849070e-01 -1.889708446436944023e-01
1.442000000000000171e+02 -1.482918067506277249e-01 -1.890088887864848632e-01
1.443100000000000307e+02 -1.690827845171410659e-01 -1.890088887864848632e-01
1.444200000000000159e+02 -1.898737622836544070e-01 -1.890088887864848632e-01
1.445300000000000296e+02 -2.106647400501677481e-01 -1.890088887864848632e-01
1.446400000000000148e+02 -2.314557178166810891e-01 -1.890088887864848632e-01
1.447500000000000284e+02 -2.522466955831944024e-01 -1.890088887864848632e-01
1.447500000000000284e+02 -2.522466955831944024e-01 -1.890088887864848632e-01
1.450500000000000398e+02 -3.081092251205880261e-01 -1.832155391458507032e-01
1.453500000000000227e+02 -3.620624604182167694e-01 -1.762868376721441199e-01
1.456500000000000341e+02 -4.137720635433871363e-01 -1.682657202099755722e-01
1.459500000000000171e+02 -4.629175999250507711e-01 -1.592018920979787477e-01
1.462500000000000284e+02 -5.091945240258710648e-01 -1.491515201542464031e-01
1.462500000000000284e+02 -5.091945240258710648e-01 -1.491515201542464031e-01
1.463600000000000421e+02 -5.256011912428382171e-01 -1.491515201542464031e-01
1.464700000000000273e+02 -5.420078584598053695e-01 -1.491515201542464031e-01
1.465800000000000409e+02 -5.584145256767725218e-01 -1.491515201542464031e-01
1.466900000000000261e+02 -5.748211928937396742e-01 -1.491515201542464031e-01
1.468000000000000398e+02 -5.912278601107068265e-01 -1.491515201542464031e-01
1.468000000000000398e+02 -5.912278601107068265e-01 -1.491515201542464031e-01
1.472000000000000455e+02 -6.508165971566336472e-01 -1.487863249244595065e-01
1.473100000000000591e+02 -6.671830928983242259e-01 -1.487863249244595065e-01
1.474200000000000443e+02 -6.835495886400148047e-01 -1.487863249244595065e-01
1.475300000000000580e+02 -6.999160843817053834e-01 -1.487863249244595065e-01
1.476400000000000432e+02 -7.162825801233959622e-01 -1.487863249244595065e-01
1.477500000000000568e+02 -7.326490758650865409e-01 -1.487863249244595065e-01
1.477500000000000568e+02 -7.326490758650865409e-01 -1.487863249244595065e-01
1.480500000000000682e+02 -7.749688203299548439e-01 -1.331995214761061141e-01
1.483500000000000512e+02 -8.124862304795374968e-01 -1.167873059389201995e-01
1.486500000000000625e+02 -8.449688180621054423e-01 -9.965138168960374632e-02
1.489500000000000455e+02 -8.722152946633306980e-01 -8.189793679004327143e-02
1.492500000000000568e+02 -8.940568190522903969e-01 -6.363698596007716368e-02
1.492500000000000568e+02 -8.940568190522903969e-01 -6.363698596007716368e-02
1.493600000000000705e+02 -9.010568875078989182e-01 -6.363698596007716368e-02
1.494700000000000557e+02 -9.080569559635074395e-01 -6.363698596007716368e-02
1.495800000000000693e+02 -9.150570244191159608e-01 -6.363698596007716368e-02
1.496900000000000546e+02 -9.220570928747244821e-01 -6.363698596007716368e-02
1.498000000000000682e+02 -9.290571613303330034e-01 -6.363698596007716368e-02
1.498000000000000682e+02 -9.290571613303330034e-01 -6.363698596007716368e-02
1.500000000000000568e+02 -9.418119996945228944e-01 -6.391202271450374672e-02
1.500000000000000568e+02 -9.418119996945228944e-01 -6.391202271450374672e-02
1.502000000000000455e+02 -9.546222209705251815e-01 -6.419081779216138928e-02
1.503100000000000591e+02 -9.616832109276629570e-01 -6.419081779216138928e-02
1.504200000000000443e+02 -9.687442008848007324e-01 -6.419081779216138928e-02
1.505300000000000580e+02 -9.758051908419385079e-01 -6.419081779216138928e-02
1.506400000000000432e+02 -9.828661807990762833e-01 -6.419081779216138928e-02
1.507500000000000568e+02 -9.899271707562140588e-01 -6.419081779216138928e-02
1.507500000000000568e+02 -9.899271707562140588e-01 -6.419081779216138928e-02
1.510500000000000682e+02 -1.006097327913546779e+00 -4.355452684776308508e-02
1.513500000000000512e+02 -1.016032891374194946e+00 -2.264833678822262067e-02
1.516500000000000625e+02 -1.019672292341972319e+00 -1.601799295224296937e-03
1.519500000000000455e+02 -1.016992978141601833e+00 1.945466424320844989e-02
1.522500000000000568e+02 -1.008011551973352127e+00 4.039057092924167730e-02
1.522500000000000568e+02 -1.008011551973352127e+00 4.039057092924167730e-02
1.523600000000000705e+02 -1.003568589171135450e+00 4.039057092924167730e-02
1.524700000000000557e+02 -9.991256263689188843e-01 4.039057092924167730e-02
1.525800000000000693e+02 -9.946826635667023186e-01 4.039057092924167730e-02
1.526900000000000546e+02 -9.902397007644857529e-01 4.039057092924167730e-02
1.528000000000000682e+02 -9.857967379622691872e-01 4.039057092924167730e-02
1.528000000000000682e+02 -9.857967379622691872e-01 4.039057092924167730e-02
1.532000000000000739e+02 -9.695252069581157262e-01 4.096548935732565594e-02
1.533100000000000875e+02 -9.650190031288099490e-01 4.096548935732565594e-02
1.534200000000000728e+02 -9.605127992995041719e-01 4.096548935732565594e-02
1.535300000000000864e+02 -9.560065954701983948e-01 4.096548935732565594e-02
1.536400000000000716e+02 -9.515003916408926177e-01 4.096548935732565594e-02
1.537500000000000853e+02 -9.469941878115868406e-01 4.096548935732565594e-02
1.537500000000000853e+02 -9.469941878115868406e-01 4.096548935732565594e-02
1.540500000000000966e+02 -9.317830650033372963e-01 6.038959664391056054e-02
1.543500000000000796e+02 -9.107978598448287499e-01 7.943948109127754731e-02
1.546500000000000909e+02 -8.841686136592763479e-01 9.799709419040329716e-02
1.549500000000000739e+02 -8.520603428181661165e-01 1.159474379441183950e-01
1.552500000000000853e+02 -8.146720161662073245e-01 1.331792774878579333e-01
1.552500000000000853e+02 -8.146720161662073245e-01 1.331792774878579333e-01
1.553600000000000989e+02 -8.000222956425429022e-01 1.331792774878579333e-01
1.554700000000000841e+02 -7.853725751188784798e-01 1.331792774878579333e-01
1.555800000000000978e+02 -7.707228545952140575e-01 1.331792774878579333e-01
1.556900000000000830e+02 -7.560731340715496351e-01 1.331792774878579333e-01
1.558000000000000966e+02 -7.414234135478852128e-01 1.331792774878579333e-01
1.558000000000000966e+02 -7.414234135478852128e-01 1.331792774878579333e-01
1.560000000000000853e+02 -7.148090965658345786e-01 1.329651965293301985e-01
1.560000000000000853e+02 -7.148090965658345786e-01 1.329651965293301985e-01
1.562000000000000739e+02 -6.882368136725093288e-01 1.327589345407836352e-01
1.563100000000000875e+02 -6.736333308730231284e-01 1.327589345407836352e-01
1.564200000000000728e+02 -6.590298480735369280e-01 1.327589345407836352e-01
1.565300000000000864e+02 -6.444263652740507275e-01 1.327589345407836352e-01
1.566400000000000716e+02 -6.298228824745645271e-01 1.327589345407836352e-01
1.567500000000000853e+02 -6.152193996750783267e-01 1.327589345407836352e-01
1.567500000000000853e+02 -6.152193996750783267e-01 1.327589345407836352e-01
1.570500000000000966e+02 -5.735266631319231312e-01 1.450490189698253329e-01
1.573500000000000796e+02 -5.282798909903858586e-01 1.564402622288438849e-01
1.576500000000000909e+02 -4.797594688876828939e-01 1.668620749509439893e-01
1.579500000000000739e+02 -4.282660686469140221e-01 1.762498751457866331e-01
1.582500000000000853e+02 -3.741187850709917773e-01 1.845454884018999930e-01
1.582500000000000853e+02 -3.741187850709917773e-01 1.845454884018999930e-01
1.583600000000000989e+02 -3.538187813467827958e-01 1.845454884018999930e-01
1.584700000000000841e+02 -3.335187776225738143e-01 1.845454884018999930e-01
1.585800000000000978e+02 -3.132187738983648329e-01 1.845454884018999930e-01
1.586900000000000830e+02 -2.929187701741558514e-01 1.845454884018999930e-01
1.588000000000000966e+02 -2.726187664499468699e-01 1.845454884018999930e-01
1.588000000000000966e+02 -2.726187664499468699e-01 1.845454884018999930e-01
1.592000000000001023e+02 -1.987714032333072478e-01 1.846840900762035942e-01
1.593100000000001160e+02 -1.784561533249248433e-01 1.846840900762035942e-01
1.594200000000001012e+02 -1.581409034165424388e-01 1.846840900762035942e-01
1.595300000000001148e+02 -1.378256535081600342e-01 1.846840900762035942e-01
1.596400000000001000e+02 -1.175104035997776297e-01 1.846840900762035942e-01
1.597500000000001137e+02 -9.719515369139523908e-02 1.846840900762035942e-01
1.597500000000001137e+02 -9.719515369139523908e-02 1.846840900762035942e-01
1.600500000000001251e+02 -4.154601116900659419e-02 1.861184928332493549e-01
1.603500000000001080e+02 1.436058407904786810e-02 1.863995547056040702e-01
1.606500000000001194e+02 7.017818952015414391e-02 1.855255340063344249e-01
1.609500000000001023e+02 1.255609140746009322e-01 1.835018468753976117e-01
1.612500000000001137e+02 1.801655615367794561e-01 1.803410337168847855e-01
1.612500000000001137e+02 1.801655615367794561e-01 1.803410337168847855e-01
1.613600000000001273e+02 2.000030752456367911e-01 1.803410337168847855e-01
1.614700000000001125e+02 2.198405889544941261e-01 1.803410337168847855e-01
1.615800000000001262e+02 2.396781026633514611e-01 1.803410337168847855e-01
1.616900000000001114e+02 2.595156163722087683e-01 1.803410337168847855e-01
1.618000000000001251e+02 2.793531300810661033e-01 1.803410337168847855e-01
1.618000000000001251e+02 2.793531300810661033e-01 1.803410337168847855e-01
1.620000000000001137e+02 3.154299039496082924e-01 1.804284728594371945e-01
1.620000000000001137e+02 3.154299039496082924e-01 1.804284728594371945e-01
1.622000000000001023e+02 3.515252265588323932e-01 1.805265220326582043e-01
1.623100000000001160e+02 3.713831439824247793e-01 1.805265220326582321e-01
1.624200000000001012e+02 3.912410614060171654e-01 1.805265220326582321e-01
1.625300000000001148e+02 4.110989788296095515e-01 1.805265220326582321e-01
1.626400000000001000e+02 4.309568962532019376e-01 1.805265220326582321e-01
1.627500000000001137e+02 4.508148136767943237e-01 1.805265220326582321e-01
1.627500000000001137e+02 4.508148136767943237e-01 1.805265220326582321e-01
1.630500000000001251e+02 5.035200174902260128e-01 1.706599441186759936e-01
1.633500000000001080e+02 5.531050035671586373e-01 1.597358190048723814e-01
1.636500000000001194e+02 5.992625031841104510e-01 1.478218414159026273e-01
1.639500000000001023e+02 6.417064870989992453e-01 1.349918400038277733e-01
1.642500000000001137e+02 6.801739380199207652e-01 1.213253198460566423e-01
1.642500000000001137e+02 6.801739380199207652e-01 1.213253198460566423e-01
1.643600000000001273e+02 6.935197232029870484e-01 1.213253198460566423e-01
1.644700000000001125e+02 7.068655083860533317e-01 1.213253198460566423e-01
1.645800000000001262e+02 7.202112935691196149e-01 1.213253198460566423e-01
1.646900000000001114e+02 7.335570787521858982e-01 1.213253198460566423e-01
1.648000000000001251e+02 7.469028639352521814e-01 1.213253198460566423e-01
1.648000000000001251e+02 7.469028639352521814e-01 1.213253198460566423e-01
1.652000000000001307e+02 7.953432488245838483e-01 1.208718570732534442e-01
1.653100000000001444e+02 8.086391531026417834e-01 1.208718570732534442e-01
1.654200000000001296e+02 8.219350573806997184e-01 1.208718570732534442e-01
1.655300000000001432e+02 8.352309616587575425e-01 1.208718570732534442e-01
1.656400000000001285e+02 8.485268659368154776e-01 1.208718570732534442e-01
1.657500000000001421e+02 8.618227702148733016e-01 1.208718570732534442e-01
1.657500000000001421e+02 8.618227702148733016e-01 1.208718570732534442e-01
1.660500000000001535e+02 8.953765927424373050e-01 1.027047066572738671e-01
1.663500000000001364e+02 9.233819369007666422e-01 8.390111471721935221e-02
1.666500000000001478e+02 9.456652589010858811e-01 6.457760353431761524e-02
1.669500000000001307e+02 9.620884732371227654e-01 4.485391723040468154e-02
1.672500000000001421e+02 9.725498083747132760e-01 2.485227973640864729e-02
1.672500000000001421e+02 9.725498083747132760e-01 2.485227973640864729e-02
1.673600000000001558e+02 9.752835591457181819e-01 2.485227973640864729e-02
1.674700000000001410e+02 9.780173099167230877e-01 2.485227973640864729e-02
1.675800000000001546e+02 9.807510606877279935e-01 2.485227973640864729e-02
1.676900000000001398e+02 9.834848114587328993e-01 2.485227973640864729e-02
1.678000000000001535e+02 9.862185622297378051e-01 2.485227973640864729e-02
1.678000000000001535e+02 9.862185622297378051e-01 2.485227973640864729e-02
1.680000000000001421e+02 9.912180640030117118e-01 2.514298298979135773e-02
1.680000000000001421e+02 9.912180640030117118e-01 2.514298298979135773e-02
1.682000000000001307e+02 9.962758539937252023e-01 2.543516476713646862e-02
1.683100000000001444e+02 9.990737221181101857e-01 2.543516476713646862e-02
1.684200000000001296e+02 1.001871590242495280e+00 2.543516476713646862e-02
1.685300000000001432e+02 1.004669458366880264e+00 2.543516476713646862e-02
1.686400000000001285e+02 1.007467326491265247e+00 2.543516476713646862e-02
1.687500000000001421e+02 1.010265194615650231e+00 2.543516476713646862e-02
1.687500000000001421e+02 1.010265194615650231e+00 2.543516476713646862e-02
1.690500000000001535e+02 1.014757650986131798e+00 4.499068722850238164e-03
1.693500000000001364e+02 1.012961847285769545e+00 -1.646490719420899002e-02
1.696500000000001478e+02 1.004888911768381687e+00 -3.732685321440505632e-02
1.699500000000001307e+02 9.905888708792154329e-01 -5.795749182793404064e-02
1.702500000000001421e+02 9.701503392505912426e-01 -7.822897889300413354e-02
1.702500000000001421e+02 9.701503392505912426e-01 -7.822897889300413354e-02
1.703600000000001558e+02 9.615451515723607567e-01 -7.822897889300413354e-02
1.704700000000001410e+02 9.529399638941302708e-01 -7.822897889300413354e-02
1.705800000000001546e+02 9.443347762158997849e-01 -7.822897889300413354e-02
1.706900000000001398e+02 9.357295885376692990e-01 -7.822897889300413354e-02
1.708000000000001535e+02 9.271244008594388131e-01 -7.822897889300413354e-02
1.708000000000001535e+02 9.271244008594388131e-01 -7.822897889300413354e-02
1.712000000000001592e+02 8.957250002546907064e-01 -7.876494674988052114e-02
1.713100000000001728e+02 8.870608561122038660e-01 -7.876494674988050726e-02
1.714200000000001580e+02 8.783967119697170256e-01 -7.876494674988049338e-02
1.715300000000001717e+02 8.697325678272301852e-01 -7.876494674988047950e-02
1.716400000000001569e+02 8.610684236847433448e-01 -7.876494674988046563e-02
1.717500000000001705e+02 8.524042795422565044e-01 -7.876494674988045175e-02
1.717500000000001705e+02 8.524042795422565044e-01 -7.876494674988045175e-02
1.720500000000001819e+02 8.261581115707531398e-01 -9.611909340210972319e-02
1.723500000000001648e+02 7.947923989866534367e-01 -1.128776083224684035e-01
1.726500000000001762e+02 7.585015091424422984e-01 -1.289366421828726239e-01
1.729500000000001592e+02 7.175103297769029886e-01 -1.441966802062676356e-01
1.732500000000001705e+02 6.720728754285926199e-01 -1.585631588407676873e-01
1.732500000000001705e+02 6.720728754285926199e-01 -1.585631588407676873e-01
1.733600000000001842e+02 6.546309279561082217e-01 -1.585631588407677151e-01
1.734700000000001694e+02 6.371889804836237126e-01 -1.585631588407677428e-01
1.735800000000001830e+02 6.197470330111393144e-01 -1.585631588407677428e-01
1.736900000000001683e+02 6.023050855386549163e-01 -1.585631588407677428e-01
1.738000000000001819e+02 5.848631380661705181e-01 -1.585631588407677428e-01
1.738000000000001819e+02 5.848631380661705181e-01 -1.585631588407677428e-01
1.740000000000001705e+02 5.531673918223003472e-01 -1.583958568028168701e-01
1.740000000000001705e+02 5.531673918223003472e-01 -1.583958568028168701e-01
1.742000000000001592e+02 5.215041743855474143e-01 -1.582378691755674804e-01
1.743100000000001728e+02 5.040980087762350070e-01 -1.582378691755674527e-01
1.744200000000001580e+02 4.866918431669225997e-01 -1.582378691755674249e-01
1.745300000000001717e+02 4.692856775576101924e-01 -1.582378691755673972e-01
1.746400000000001569e+02 4.518795119482977851e-01 -1.582378691755673694e-01
1.747500000000001705e+02 4.344733463389853778e-01 -1.582378691755673694e-01
1.747500000000001705e+02 4.344733463389853778e-01 -1.582378691755673694e-01
1.750500000000001819e+02 3.857048498924602886e-01 -1.667174423947165307e-01
1.753500000000001648e+02 3.345462138846789779e-01 -1.741638993470434049e-01
1.756500000000001762e+02 2.813144586483007359e-01 -1.805310957557454410e-01
1.759500000000001592e+02 2.263394512413662574e-01 -1.857795753162599650e-01
1.762500000000001705e+02 1.699618613239023968e-01 -1.898768141994426895e-01
1.762500000000001705e+02 1.699618613239023968e-01 -1.898768141994426895e-01
1.763600000000001842e+02 1.490754117619637054e-01 -1.898768141994426895e-01
1.764700000000001694e+02 1.281889622000250140e-01 -1.898768141994426895e-01
1.765800000000001830e+02 1.073025126380863226e-01 -1.898768141994426895e-01
1.766900000000001683e+02 8.641606307614763116e-02 -1.898768141994426895e-01
1.768000000000001819e+02 6.552961351420893976e-02 -1.898768141994426895e-01
1.768000000000001819e+02 6.552961351420893976e-02 -1.898768141994426895e-01
1.772000000000001876e+02 -1.042584141329981617e-02 -1.898930162239328423e-01
1.773100000000002012e+02 -3.131407319793243216e-02 -1.898930162239328145e-01
1.774200000000001864e+02 -5.220230498256503426e-02 -1.898930162239327868e-01
1.775300000000002001e+02 -7.309053676719763637e-02 -1.898930162239327590e-01
1.776400000000001853e+02 -9.397876855183023848e-02 -1.898930162239327313e-01
1.777500000000001990e+02 -1.148670003364628267e-01 -1.898930162239327035e-01
1.777500000000001990e+02 -1.148670003364628267e-01 -1.898930162239327035e-01
1.780500000000002103e+02 -1.714201520251208422e-01 -1.869331803232564260e-01
1.783500000000001933e+02 -2.269110456502183570e-01 -1.828149550745553353e-01
1.786500000000002046e+02 -2.809958147030032771e-01 -1.775638603360416845e-01
1.789500000000001876e+02 -3.333393061611286123e-01 -1.712124361426124175e-01
1.792500000000001990e+02 -3.836171573681646518e-01 -1.638000410614221802e-01
1.792500000000001990e+02 -3.836171573681646518e-01 -1.638000410614221802e-01
1.793600000000002126e+02 -4.016351618849210992e-01 -1.638000410614222080e-01
1.794700000000001978e+02 -4.196531664016775465e-01 -1.638000410614222357e-01
1.795800000000002115e+02 -4.376711709184339938e-01 -1.638000410614222357e-01
1.796900000000001967e+02 -4.556891754351904411e-01 -1.638000410614222357e-01
1.798000000000002103e+02 -4.737071799519468884e-01 -1.638000410614222357e-01
1.798000000000002103e+02 -4.737071799519468884e-01 -1.638000410614222357e-01
1.800000000000001990e+02 -5.064814373261362634e-01 -1.639441387362560731e-01
1.800000000000001990e+02 -5.064814373261362634e-01 -1.639441387362560731e-01
1.802000000000001876e+02 -5.392854781568828804e-01 -1.640978770864908731e-01
1.803100000000002012e+02 -5.573362446363968603e-01 -1.640978770864909009e-01
1.804200000000001864e+02 -5.753870111159108403e-01 -1.640978770864909286e-01
1.805300000000002001e+02 -5.934377775954248202e-01 -1.640978770864909564e-01
1.806400000000001853e+02 -6.114885440749388001e-01 -1.640978770864909841e-01
1.807500000000001990e+02 -6.295393105544527801e-01 -1.640978770864909841e-01
1.807500000000001990e+02 -6.295393105544527801e-01 -1.640978770864909841e-01
1.810500000000002103e+02 -6.767672513462329453e-01 -1.505923703695465632e-01
1.813500000000001933e+02 -7.198013942595141712e-01 -1.361536713887647743e-01
1.816500000000002046e+02 -7.583750648993784482e-01 -1.208712540142708181e-01
1.819500000000001876e+02 -7.922492295688281505e-01 -1.048398204785427335e-01
1.822500000000001990e+02 -8.212139765151258430e-01 -8.815871452465995350e-02
1.822500000000001990e+02 -8.212139765151258430e-01 -8.815871452465995350e-02
1.823600000000002126e+02 -8.309114351128384923e-01 -8.815871452465995350e-02
1.824700000000001978e+02 -8.406088937105511416e-01 -8.815871452465995350e-02
1.825800000000002115e+02 -8.503063523082636799e-01 -8.815871452465995350e-02
1.826900000000001967e+02 -8.600038109059763292e-01 -8.815871452465995350e-02
1.828000000000002103e+02 -8.697012695036889784e-01 -8.815871452465995350e-02
1.828000000000002103e+02 -8.697012695036889784e-01 -8.815871452465995350e-02
1.832000000000002160e+02 -9.048610904719486259e-01 -8.763694438589350599e-02
1.833100000000002296e+02 -9.145011543543969390e-01 -8.763694438589351987e-02
1.834200000000002149e+02 -9.241412182368452521e-01 -8.763694438589353375e-02
1.835300000000002285e+02 -9.337812821192935653e-01 -8.763694438589354763e-02
1.836400000000002137e+02 -9.434213460017418784e-01 -8.763694438589356150e-02
1.837500000000002274e+02 -9.530614098841901916e-01 -8.763694438589357538e-02
1.837500000000002274e+02 -9.530614098841901916e-01 -8.763694438589357538e-02
1.840500000000002387e+02 -9.763723640112876856e-01 -6.768911471617038156e-02
1.843500000000002217e+02 -9.936329243868122774e-01 -4.732182848271886122e-02
1.846500000000002331e+02 -1.004736130602528643e+00 -2.666129788275048082e-02
1.849500000000002160e+02 -1.009613178202280803e+00 -5.835552293025750292e-03
1.852500000000002274e+02 -1.008233845050118260e+00 1.502635510384708710e-02
1.852500000000002274e+02 -1.008233845050118260e+00 1.502635510384708710e-02
1.853600000000002410e+02 -1.006580945988695186e+00 1.502635510384708710e-02
1.854700000000002262e+02 -1.004928046927272112e+00 1.502635510384708710e-02
1.855800000000002399e+02 -1.003275147865849037e+00 1.502635510384708710e-02
1.856900000000002251e+02 -1.001622248804425963e+00 1.502635510384708710e-02
1.858000000000002387e+02 -9.999693497430027778e-01 1.502635510384708710e-02
1.858000000000002387e+02 -9.999693497430027778e-01 1.502635510384708710e-02
1.860000000000002274e+02 -9.969934506851190203e-01 1.473278130468332753e-02
1.860000000000002274e+02 -9.969934506851190203e-01 1.473278130468332753e-02
1.862000000000002160e+02 -9.940761794641863602e-01 1.444007386136130118e-02
1.863100000000002296e+02 -9.924877713394366641e-01 1.444007386136130291e-02
1.864200000000002149e+02 -9.908993632146869679e-01 1.444007386136130465e-02
1.865300000000002285e+02 -9.893109550899372717e-01 1.444007386136130638e-02
1.866400000000002137e+02 -9.877225469651875756e-01 1.444007386136130812e-02
1.867500000000002274e+02 -9.861341388404378794e-01 1.444007386136130985e-02
1.867500000000002274e+02 -9.861341388404378794e-01 1.444007386136130985e-02
1.870500000000002387e+02 -9.787511489200481085e-01 3.475442596356070196e-02
1.873500000000002217e+02 -9.653030243706515190e-01 5.485341150129252608e-02
1.876500000000002331e+02 -9.458731006611119652e-01 7.461248088568740722e-02
1.879500000000002160e+02 -9.205817813314505216e-01 9.390919092360655585e-02
1.882500000000002274e+02 -8.895857918750156301e-01 1.126239635747946499e-01
1.882500000000002274e+02 -8.895857918750156301e-01 1.126239635747946499e-01
1.883600000000002410e+02 -8.771971558817882597e-01 1.126239635747946360e-01
1.884700000000002262e+02 -8.648085198885608893e-01 1.126239635747946360e-01
1.885800000000002399e+02 -8.524198838953335189e-01 1.126239635747946360e-01
1.886900000000002251e+02 -8.400312479021061485e-01 1.126239635747946360e-01
1.888000000000002387e+02 -8.276426119088787781e-01 1.126239635747946360e-01
1.888000000000002387e+02 -8.276426119088787781e-01 1.126239635747946360e-01
1.892000000000002444e+02 -7.824974564724153092e-01 1.130973890378052793e-01
1.893100000000002581e+02 -7.700567436782567166e-01 1.130973890378052793e-01
1.894200000000002433e+02 -7.576160308840981239e-01 1.130973890378052793e-01
1.895300000000002569e+02 -7.451753180899395312e-01 1.130973890378052793e-01
1.896400000000002422e+02 -7.327346052957809386e-01 1.130973890378052793e-01
1.897500000000002558e+02 -7.202938925016223459e-01 1.130973890378052793e-01
1.897500000000002558e+02 -7.202938925016223459e-01 1.130973890378052793e-01
1.900500000000002672e+02 -6.841679630882507857e-01 1.276176935188329531e-01
1.903500000000002501e+02 -6.438023749939529861e-01 1.413471754367560396e-01
1.906500000000002615e+02 -5.994472660872153247e-01 1.542007558046193105e-01
1.909500000000002444e+02 -5.513774965378602788e-01 1.660987834307220967e-01
1.912500000000002558e+02 -4.998909455608695485e-01 1.769675285018804667e-01
1.912500000000002558e+02 -4.998909455608695485e-01 1.769675285018804667e-01
1.913600000000002694e+02 -4.804245174256626671e-01 1.769675285018804944e-01
1.914700000000002547e+02 -4.609580892904557858e-01 1.769675285018804944e-01
1.915800000000002683e+02 -4.414916611552489600e-01 1.769675285018804944e-01
1.916900000000002535e+02 -4.220252330200420787e-01 1.769675285018804944e-01
1.918000000000002672e+02 -4.025588048848351974e-01 1.769675285018804944e-01
1.918000000000002672e+02 -4.025588048848351974e-01 1.769675285018804944e-01
1.920000000000002558e+02 -3.671767884634286050e-01 1.768543695574863461e-01
1.920000000000002558e+02 -3.671767884634286050e-01 1.768543695574863461e-01
1.922000000000002444e+02 -3.318163637394113130e-01 1.767516104699171087e-01
1.923100000000002581e+02 -3.123736865877204116e-01 1.767516104699171087e-01
1.924200000000002433e+02 -2.929310094360295103e-01 1.767516104699171087e-01
1.925300000000002569e+02 -2.734883322843386089e-01 1.767516104699171087e-01
1.926400000000002422e+02 -2.540456551326477075e-01 1.767516104699171087e-01
1.927500000000002558e+02 -2.346029779809568339e-01 1.767516104699171087e-01
1.927500000000002558e+02 -2.346029779809568339e-01 1.767516104699171087e-01
1.930500000000002672e+02 -1.809053759587655186e-01 1.810474251192015493e-01
1.933500000000002501e+02 -1.260867377451889704e-01 1.842213233254959559e-01
1.936500000000002615e+02 -7.048676401011333414e-02 1.862536370455337431e-01
1.939500000000002444e+02 -1.444999721098302881e-02 1.871317724179178410e-01
1.942500000000002558e+02 4.167631347125700519e-02 1.868502878048476923e-01
1.942500000000002558e+02 4.167631347125700519e-02 1.868502878048476923e-01
1.943600000000002694e+02 6.222984512979025384e-02 1.868502878048476645e-01
1.944700000000002547e+02 8.278337678832349555e-02 1.868502878048476368e-01
1.945800000000002683e+02 1.033369084468567234e-01 1.868502878048476090e-01
1.946900000000002535e+02 1.238904401053899651e-01 1.868502878048475813e-01
1.948000000000002672e+02 1.444439717639232068e-01 1.868502878048475535e-01
1.948000000000002672e+02 1.444439717639232068e-01 1.868502878048475535e-01
1.952000000000002728e+02 2.191641693570411664e-01 1.867433770112184588e-01
1.953100000000002865e+02 2.397059408282752047e-01 1.867433770112184588e-01
1.954200000000002717e+02 2.602477122995092151e-01 1.867433770112184588e-01
1.955300000000002854e+02 2.807894837707432534e-01 1.867433770112184588e-01
1.956400000000002706e+02 3.013312552419772916e-01 1.867433770112184588e-01
1.957500000000002842e+02 3.218730267132113299e-01 1.867433770112184588e-01
1.957500000000002842e+02 3.218730267132113299e-01 1.867433770112184588e-01
1.960500000000002956e+02 3.768408742477834528e-01 1.795195862427509392e-01
1.963500000000002785e+02 4.294735105914954110e-01 1.711833467580739510e-01
1.966500000000002899e+02 4.794447813120832347e-01 1.617863166470138447e-01
1.969500000000002728e+02 5.264450239536317966e-01 1.513867275170696081e-01
1.972500000000002842e+02 5.701829869558943109e-01 1.400490236432047897e-01
1.972500000000002842e+02 5.701829869558943109e-01 1.400490236432047897e-01
1.973600000000002979e+02 5.855883795566468875e-01 1.400490236432048174e-01
1.974700000000002831e+02 6.009937721573994640e-01 1.400490236432048452e-01
1.975800000000002967e+02 6.163991647581520406e-01 1.400490236432048452e-01
1.976900000000002819e+02 6.318045573589046171e-01 1.400490236432048452e-01
1.978000000000002956e+02 6.472099499596571937e-01 1.400490236432048452e-01
1.978000000000002956e+02 6.472099499596571937e-01 1.400490236432048452e-01
1.980000000000002842e+02 6.752390586782465176e-01 1.402434370692250687e-01
1.980000000000002842e+02 6.752390586782465176e-01 1.402434370692250687e-01
1.982000000000002728e+02 7.033078745838872159e-01 1.404460974595120315e-01
1.983100000000002865e+02 7.187569453044335699e-01 1.404460974595120315e-01
1.984200000000002717e+02 7.342060160249799239e-01 1.404460974595120315e-01
1.985300000000002854e+02 7.496550867455262779e-01 1.404460974595120315e-01
1.986400000000002706e+02 7.651041574660726319e-01 1.404460974595120315e-01
1.987500000000002842e+02 7.805532281866189859e-01 1.404460974595120315e-01
1.987500000000002842e+02 7.805532281866189859e-01 1.404460974595120315e-01
1.990500000000002956e+02 8.202250626280401802e-01 1.238961369912114502e-01
1.993500000000002785e+02 8.548141184321987884e-01 1.065784157374608659e-01
1.996500000000002899e+02 8.841060538020295567e-01 8.860024832156310204e-02
1.999500000000002728e+02 9.079193521878349271e-01 7.007304202604175414e-02
2.002500000000002842e+02 9.261064471108121365e-01 5.111160642286867450e-02
2.002500000000002842e+02 9.261064471108121365e-01 5.111160642286867450e-02
2.003600000000002979e+02 9.317287238173277419e-01 5.111160642286867450e-02
2.004700000000002831e+02 9.373510005238433473e-01 5.111160642286867450e-02
2.005800000000002967e+02 9.429732772303589527e-01 5.111160642286867450e-02
2.006900000000002819e+02 9.485955539368745582e-01 5.111160642286867450e-02
2.008000000000002956e+02 9.542178306433901636e-01 5.111160642286867450e-02
2.008000000000002956e+02 9.542178306433901636e-01 5.111160642286867450e-02
2.012000000000003013e+02 9.745494496180271415e-01 5.054449579651457830e-02
2.013100000000003149e+02 9.801093441556437691e-01 5.054449579651457830e-02
2.014200000000003001e+02 9.856692386932603966e-01 5.054449579651457830e-02
2.015300000000003138e+02 9.912291332308770242e-01 5.054449579651457830e-02
2.016400000000002990e+02 9.967890277684936517e-01 5.054449579651457830e-02
2.017500000000003126e+02 1.002348922306110168e+00 5.054449579651457830e-02
2.017500000000003126e+02 1.002348922306110168e+00 5.054449579651457830e-02
2.020500000000003240e+02 1.014390924306458830e+00 2.969403516258546649e-02
2.023500000000003070e+02 1.020146938771414380e+00 8.659566243059545199e-03
2.026500000000003183e+02 1.019581296774615620e+00 -1.242856436069244772e-02
2.029500000000003013e+02 1.012697503491885698e+00 -3.343967751607236638e-02
2.032500000000003126e+02 9.995382164803170433e-01 -5.424357135291299481e-02
2.032500000000003126e+02 9.995382164803170433e-01 -5.424357135291299481e-02
2.033600000000003263e+02 9.935714236314966419e-01 -5.424357135291300175e-02
2.034700000000003115e+02 9.876046307826762405e-01 -5.424357135291300869e-02
2.035800000000003251e+02 9.816378379338558391e-01 -5.424357135291301563e-02
2.036900000000003104e+02 9.756710450850354377e-01 -5.424357135291302257e-02
2.038000000000003240e+02 9.697042522362150363e-01 -5.424357135291302950e-02
2.038000000000003240e+02 9.697042522362150363e-01 -5.424357135291302950e-02
2.040000000000003126e+02 9.588839431928435353e-01 -5.396004931462913129e-02
2.040000000000003126e+02 9.588839431928435353e-01 -5.396004931462913129e-02
2.042000000000003013e+02 9.481200209707074666e-01 -5.367970037740314726e-02
2.043100000000003149e+02 9.422152539291931417e-01 -5.367970037740314726e-02
2.044200000000003001e+02 9.363104868876788167e-01 -5.367970037740314726e-02
2.045300000000003138e+02 9.304057198461644917e-01 -5.367970037740314726e-02
2.046400000000002990e+02 9.245009528046501668e-01 -5.367970037740314726e-02
2.047500000000003126e+02 9.185961857631358418e-01 -5.367970037740314726e-02
2.047500000000003126e+02 9.185961857631358418e-01 -5.367970037740314726e-02
2.050500000000003240e+02 8.996627283480038706e-01 -7.247812694423495794e-02
2.053500000000003070e+02 8.751542321968759364e-01 -9.082742034983444512e-02
2.056500000000003183e+02 8.452225717968214758e-01 -1.086138735145438378e-01
2.059500000000003013e+02 8.100532279518191103e-01 -1.257272671725982449e-01
2.062500000000003126e+02 7.698641383935028726e-01 -1.420615528798862826e-01
2.062500000000003126e+02 7.698641383935028726e-01 -1.420615528798862826e-01
2.063600000000003263e+02 7.542373675767153340e-01 -1.420615528798863103e-01
2.064700000000003115e+02 7.386105967599277955e-01 -1.420615528798863381e-01
2.065800000000003251e+02 7.229838259431402570e-01 -1.420615528798863381e-01
2.066900000000003104e+02 7.073570551263527184e-01 -1.420615528798863381e-01
2.068000000000003240e+02 6.917302843095651799e-01 -1.420615528798863381e-01
2.068000000000003240e+02 6.917302843095651799e-01 -1.420615528798863381e-01
2.072000000000003297e+02 6.348265389194225339e-01 -1.424515970695688638e-01
2.073100000000003433e+02 6.191568632417699947e-01 -1.424515970695688638e-01
2.074200000000003286e+02 6.034871875641174555e-01 -1.424515970695688638e-01
2.075300000000003422e+02 5.878175118864649162e-01 -1.424515970695688638e-01
2.076400000000003274e+02 5.721478362088123770e-01 -1.424515970695688638e-01
2.077500000000003411e+02 5.564781605311598378e-01 -1.424515970695688638e-01
2.077500000000003411e+02 5.564781605311598378e-01 -1.424515970695688638e-01
2.080500000000003524e+02 5.120626331701547684e-01 -1.534989157369874013e-01
2.083500000000003354e+02 4.644739511088076811e-01 -1.635950308319980284e-01
2.086500000000003467e+02 4.140070123544798419e-01 -1.726773786504845198e-01
2.089500000000003297e+02 3.609745509235731120e-01 -1.806896776112460190e-01
2.092500000000003411e+02 3.057051988883367488e-01 -1.875822770222466962e-01
2.092500000000003411e+02 3.057051988883367488e-01 -1.875822770222466962e-01
2.093600000000003547e+02 2.850711484158895970e-01 -1.875822770222466684e-01
2.094700000000003399e+02 2.644370979434424451e-01 -1.875822770222466407e-01
2.095800000000003536e+02 2.438030474709953210e-01 -1.875822770222466129e-01
2.096900000000003388e+02 2.231689969985481969e-01 -1.875822770222465852e-01
2.098000000000003524e+02 2.025349465261010729e-01 -1.875822770222465574e-01
2.098000000000003524e+02 2.025349465261010729e-01 -1.875822770222465574e-01
2.100000000000003411e+02 1.650240784290246399e-01 -1.875282421151616974e-01
2.100000000000003411e+02 1.650240784290246399e-01 -1.875282421151616974e-01
2.102000000000003297e+02 1.275229145128096986e-01 -1.874852347380921436e-01
2.103100000000003433e+02 1.068995386916195556e-01 -1.874852347380921158e-01
2.104200000000003286e+02 8.627616287042941257e-02 -1.874852347380921158e-01
2.105300000000003422e+02 6.565278704923928343e-02 -1.874852347380921158e-01
2.106400000000003274e+02 4.502941122804914736e-02 -1.874852347380921158e-01
2.107500000000003411e+02 2.440603540685901823e-02 -1.874852347380921158e-01
2.107500000000003411e+02 2.440603540685901823e-02 -1.874852347380921158e-01
2.110500000000003524e+02 -3.185705226896944076e-02 -1.874082009382041225e-01
2.113500000000003354e+02 -8.792272785377923394e-02 -1.861698341779199906e-01
2.116500000000003467e+02 -1.434435630243830195e-01 -1.837778083804056661e-01
2.119500000000003297e+02 -1.980755057299640187e-01 -1.802469464743695349e-01
2.122500000000003411e+02 -2.514800122171707564e-01 -1.755991285391611256e-01
2.122500000000003411e+02 -2.514800122171707564e-01 -1.755991285391611256e-01
2.123600000000003547e+02 -2.707959163564784832e-01 -1.755991285391611256e-01
2.124700000000003399e+02 -2.901118204957862101e-01 -1.755991285391611256e-01
2.125800000000003536e+02 -3.094277246350939370e-01 -1.755991285391611256e-01
2.126900000000003388e+02 -3.287436287744016639e-01 -1.755991285391611256e-01
2.128000000000003524e+02 -3.480595329137093907e-01 -1.755991285391611256e-01
2.128000000000003524e+02 -3.480595329137093907e-01 -1.755991285391611256e-01
2.132000000000003581e+02 -4.182554967385300193e-01 -1.753738108448503197e-01
2.133100000000003718e+02 -4.375466159314635450e-01 -1.753738108448503474e-01
2.134200000000003570e+02 -4.568377351243970708e-01 -1.753738108448503752e-01
2.135300000000003706e+02 -4.761288543173305965e-01 -1.753738108448504029e-01
2.136400000000003558e+02 -4.954199735102641222e-01 -1.753738108448504307e-01
2.137500000000003695e+02 -5.147110927031977035e-01 -1.753738108448504307e-01
2.137500000000003695e+02 -5.147110927031977035e-01 -1.753738108448504307e-01
2.140500000000003809e+02 -5.656741034675073498e-01 -1.642040364983688439e-01
2.143500000000003638e+02 -6.131317394514578245e-01 -1.520167209831214394e-01
2.146500000000003752e+02 -6.567899147152893580e-01 -1.388873867743229962e-01
2.149500000000003581e+02 -6.963780878543532893e-01 -1.248973938577598031e-01
2.152500000000003695e+02 -7.316509384927110116e-01 -1.101334355574515034e-01
2.152500000000003695e+02 -7.316509384927110116e-01 -1.101334355574515034e-01
2.153600000000003831e+02 -7.437656164040307161e-01 -1.101334355574515034e-01
2.154700000000003683e+02 -7.558802943153504206e-01 -1.101334355574515034e-01
2.155800000000003820e+02 -7.679949722266701251e-01 -1.101334355574515034e-01
2.156900000000003672e+02 -7.801096501379898296e-01 -1.101334355574515034e-01
2.158000000000003809e+02 -7.922243280493095341e-01 -1.101334355574515034e-01
2.158000000000003809e+02 -7.922243280493095341e-01 -1.101334355574515034e-01
2.160000000000003695e+02 -8.142745242705459185e-01 -1.103696071933611134e-01
2.160000000000003695e+02 -8.142745242705459185e-01 -1.103696071933611134e-01
2.162000000000003581e+02 -8.363726036087774096e-01 -1.106122690738460118e-01
2.163100000000003718e+02 -8.485399532069004547e-01 -1.106122690738460118e-01
2.164200000000003570e+02 -8.607073028050234997e-01 -1.106122690738460118e-01
2.165300000000003706e+02 -8.728746524031465448e-01 -1.106122690738460118e-01
2.166400000000003558e+02 -8.850420020012695899e-01 -1.106122690738460118e-01
2.167500000000003695e+02 -8.972093515993926349e-01 -1.106122690738460118e-01
2.167500000000003695e+02 -8.972093515993926349e-01 -1.106122690738460118e-01
2.170500000000003809e+02 -9.275788352643036250e-01 -9.174633833946488348e-02
2.173500000000003638e+02 -9.522002893906494903e-01 -7.231187300426415721e-02
2.176500000000003752e+02 -9.709211395122804289e-01 -5.242930475186399070e-02
2.179500000000003581e+02 -9.836253760832752713e-01 -3.222184207438026637e-02
2.182500000000003695e+02 -9.902342733670176367e-01 -1.181470677286823069e-02
2.182500000000003695e+02 -9.902342733670176367e-01 -1.181470677286823069e-02
2.183600000000003831e+02 -9.915338911120331611e-01 -1.181470677286823243e-02
2.184700000000003683e+02 -9.928335088570486855e-01 -1.181470677286823416e-02
2.185800000000003820e+02 -9.941331266020642099e-01 -1.181470677286823590e-02
2.186900000000003672e+02 -9.954327443470797343e-01 -1.181470677286823763e-02
2.188000000000003809e+02 -9.967323620920952587e-01 -1.181470677286823937e-02
2.188000000000003809e+02 -9.967323620920952587e-01 -1.181470677286823937e-02
2.192000000000003865e+02 -1.001340837439851139e+00 -1.122721830016130094e-02
2.193100000000004002e+02 -1.002575831452868993e+00 -1.122721830016129921e-02
2.194200000000003854e+02 -1.003810825465886847e+00 -1.122721830016129921e-02
2.195300000000003990e+02 -1.005045819478904479e+00 -1.122721830016129921e-02
2.196400000000003843e+02 -1.006280813491922110e+00 -1.122721830016129921e-02
2.197500000000003979e+02 -1.007515807504939742e+00 -1.122721830016129921e-02
2.197500000000003979e+02 -1.007515807504939742e+00 -1.122721830016129921e-02
2.200500000000004093e+02 -1.007758801756735156e+00 9.608093689898398668e-03
2.203500000000003922e+02 -1.001756906474591036e+00 3.038386615163519988e-02
2.206500000000004036e+02 -9.895473142615041073e-01 5.097135557640469772e-02
2.209500000000003865e+02 -9.712056856371248381e-01 7.124298520969415960e-02
2.212500000000003979e+02 -9.468456801839214565e-01 9.107313562005503460e-02
2.212500000000003979e+02 -9.468456801839214565e-01 9.107313562005503460e-02
2.213600000000004115e+02 -9.368276352657154415e-01 9.107313562005502072e-02
2.214700000000003968e+02 -9.268095903475094266e-01 9.107313562005502072e-02
2.215800000000004104e+02 -9.167915454293034117e-01 9.107313562005502072e-02
2.216900000000003956e+02 -9.067735005110973967e-01 9.107313562005502072e-02
2.218000000000004093e+02 -8.967554555928913818e-01 9.107313562005502072e-02
2.218000000000004093e+02 -8.967554555928913818e-01 9.107313562005502072e-02
2.220000000000003979e+02 -8.785670166408793280e-01 9.081214519859961976e-02
2.220000000000003979e+02 -8.785670166408793280e-01 9.081214519859961976e-02
2.222000000000003865e+02 -8.604302415024730477e-01 9.055649495228602908e-02
2.223100000000004002e+02 -8.504690270577215383e-01 9.055649495228602908e-02
2.224200000000003854e+02 -8.405078126129700289e-01 9.055649495228602908e-02
2.225300000000003990e+02 -8.305465981682185195e-01 9.055649495228602908e-02
2.226400000000003843e+02 -8.205853837234670101e-01 9.055649495228602908e-02
2.227500000000003979e+02 -8.106241692787155007e-01 9.055649495228602908e-02
2.227500000000003979e+02 -8.106241692787155007e-01 9.055649495228602908e-02
2.230500000000004093e+02 -7.809736427973438255e-01 1.070115412397342897e-01
2.233500000000003922e+02 -7.464835712584755312e-01 1.228034573687208503e-01
2.236500000000004036e+02 -7.073676830725230680e-01 1.378343838399421206e-01
2.239500000000003865e+02 -6.638683719554419049e-01 1.520111768622156856e-01
2.242500000000003979e+02 -6.162551948609922281e-01 1.652459855467794947e-01
2.242500000000003979e+02 -6.162551948609922281e-01 1.652459855467794947e-01
2.243600000000004115e+02 -5.980781364508465092e-01 1.652459855467794947e-01
2.244700000000003968e+02 -5.799010780407007903e-01 1.652459855467794947e-01
2.245800000000004104e+02 -5.617240196305550715e-01 1.652459855467794947e-01
2.246900000000003956e+02 -5.435469612204093526e-01 1.652459855467794947e-01
2.248000000000004093e+02 -5.253699028102636337e-01 1.652459855467794947e-01
2.248000000000004093e+02 -5.253699028102636337e-01 1.652459855467794947e-01
2.252000000000004150e+02 -4.592123129518412838e-01 1.655354797967038827e-01
2.253100000000004286e+02 -4.410034101742038581e-01 1.655354797967038827e-01
2.254200000000004138e+02 -4.227945073965664324e-01 1.655354797967038827e-01
2.255300000000004275e+02 -4.045856046189290067e-01 1.655354797967038827e-01
2.256400000000004127e+02 -3.863767018412915810e-01 1.655354797967038827e-01
2.257500000000004263e+02 -3.681677990636541553e-01 1.655354797967038827e-01
2.257500000000004263e+02 -3.681677990636541553e-01 1.655354797967038827e-01
2.260500000000004377e+02 -3.174177224231901073e-01 1.726235402378900330e-01
2.263500000000004206e+02 -2.647006685564392559e-01 1.786418854477538620e-01
2.266500000000004320e+02 -2.103433150149915110e-01 1.835532208862264147e-01
2.269500000000004150e+02 -1.546825039753976505e-01 1.873271119421396347e-01
2.272500000000004263e+02 -9.806315489229874838e-02 1.899401725307295064e-01
2.272500000000004263e+02 -9.806315489229874838e-02 1.899401725307295064e-01
2.273600000000004400e+02 -7.716973591391849963e-02 1.899401725307295064e-01
2.274700000000004252e+02 -5.627631693553825087e-02 1.899401725307295064e-01
2.275800000000004388e+02 -3.538289795715800906e-02 1.899401725307295064e-01
2.276900000000004241e+02 -1.448947897877776031e-02 1.899401725307295064e-01
2.278000000000004377e+02 6.403939999602481503e-03 1.899401725307295064e-01
2.278000000000004377e+02 6.403939999602481503e-03 1.899401725307295064e-01
2.280000000000004263e+02 4.439253510778906620e-02 1.899476401281119664e-01
2.280000000000004263e+02 4.439253510778906620e-02 1.899476401281119664e-01
2.282000000000004150e+02 8.238374070284329442e-02 1.899662775273291970e-01
2.283100000000004286e+02 1.032800312308495005e-01 1.899662775273291970e-01
2.284200000000004138e+02 1.241763217588557067e-01 1.899662775273291970e-01
2.285300000000004275e+02 1.450726122868619128e-01 1.899662775273291970e-01
2.286400000000004127e+02 1.659689028148681189e-01 1.899662775273291970e-01
2.287500000000004263e+02 1.868651933428743250e-01 1.899662775273291970e-01
2.287500000000004263e+02 1.868651933428743250e-01 1.899662775273291970e-01
2.290500000000004377e+02 2.432172211675690532e-01 1.855197860930674347e-01
2.293500000000004206e+02 2.980620781530747831e-01 1.799236638458667492e-01
2.296500000000004320e+02 3.510599011567608341e-01 1.732125888904380295e-01
2.299500000000004150e+02 4.018822727541200845e-01 1.654281484812716030e-01
2.302500000000004263e+02 4.502142563790573204e-01 1.566185813143154415e-01
2.302500000000004263e+02 4.502142563790573204e-01 1.566185813143154415e-01
2.303600000000004400e+02 4.674423003236320429e-01 1.566185813143154415e-01
2.304700000000004252e+02 4.846703442682067653e-01 1.566185813143154415e-01
2.305800000000004388e+02 5.018983882127814322e-01 1.566185813143154415e-01
2.306900000000004241e+02 5.191264321573560991e-01 1.566185813143154415e-01
2.308000000000004377e+02 5.363544761019307661e-01 1.566185813143154415e-01
2.308000000000004377e+02 5.363544761019307661e-01 1.566185813143154415e-01
2.312000000000004434e+02 5.989363739817065158e-01 1.562847745810335698e-01
2.313100000000004570e+02 6.161276991856201590e-01 1.562847745810335420e-01
2.314200000000004422e+02 6.333190243895338023e-01 1.562847745810335143e-01
2.315300000000004559e+02 6.505103495934474456e-01 1.562847745810335143e-01
2.316400000000004411e+02 6.677016747973610888e-01 1.562847745810335143e-01
2.317500000000004547e+02 6.848930000012747321e-01 1.562847745810335143e-01
2.317500000000004547e+02 6.848930000012747321e-01 1.562847745810335143e-01
2.320500000000004661e+02 7.296079232170216144e-01 1.416606792294478057e-01
2.323500000000004491e+02 7.698016049654321513e-01 1.261587396044611953e-01
2.326500000000004604e+02 8.052249726489323356e-01 1.098750182761483035e-01
2.329500000000004434e+02 8.356585143984912589e-01 9.291042236706144319e-02
2.332500000000004547e+02 8.609136393469100090e-01 7.537007824994271243e-02
2.332500000000004547e+02 8.609136393469100090e-01 7.537007824994271243e-02
2.333600000000004684e+02 8.692043479544037110e-01 7.537007824994269856e-02
2.334700000000004536e+02 8.774950565618974130e-01 7.537007824994268468e-02
2.335800000000004673e+02 8.857857651693911150e-01 7.537007824994267080e-02
2.336900000000004525e+02 8.940764737768848169e-01 7.537007824994265692e-02
2.338000000000004661e+02 9.023671823843785189e-01 7.537007824994264304e-02
2.338000000000004661e+02 9.023671823843785189e-01 7.537007824994264304e-02
2.340000000000004547e+02 9.174678774579222429e-01 7.563761247354199024e-02
2.340000000000004547e+02 9.174678774579222429e-01 7.563761247354199024e-02
2.342000000000004434e+02 9.326225238960318409e-01 7.590959453940993029e-02
2.343100000000004570e+02 9.409725792953669288e-01 7.590959453940993029e-02
2.344200000000004422e+02 9.493226346947020167e-01 7.590959453940993029e-02
2.345300000000004559e+02 9.576726900940371046e-01 7.590959453940993029e-02
2.346400000000004411e+02 9.660227454933721924e-01 7.590959453940993029e-02
2.347500000000004547e+02 9.743728008927072803e-01 7.590959453940993029e-02
2.347500000000004547e+02 9.743728008927072803e-01 7.590959453940993029e-02
2.350500000000004661e+02 9.941031531073168948e-01 5.555811962971887730e-02
2.353500000000004491e+02 1.007673237244212983e+00 3.486236162451491344e-02
2.356500000000004604e+02 1.014998962074172173e+00 1.395056819807325051e-02
2.359500000000004434e+02 1.016034931474390612e+00 -7.047674244913933184e-03
2.362500000000004547e+02 1.010774725739625568e+00 -2.800224359166942831e-02
2.362500000000004547e+02 1.010774725739625568e+00 -2.800224359166942831e-02
2.363600000000004684e+02 1.007694478944541894e+00 -2.800224359166942831e-02
2.364700000000004536e+02 1.004614232149458219e+00 -2.800224359166942831e-02
2.365800000000004673e+02 1.001533985354374545e+00 -2.800224359166942831e-02
2.366900000000004525e+02 9.984537385592908709e-01 -2.800224359166942831e-02
2.368000000000004661e+02 9.953734917642071967e-01 -2.800224359166942831e-02
2.368000000000004661e+02 9.953734917642071967e-01 -2.800224359166942831e-02
2.372000000000004718e+02 9.840559711465852732e-01 -2.858425029306004006e-02
2.373100000000004854e+02 9.809117036143486512e-01 -2.858425029306004353e-02
2.374200000000004707e+02 9.777674360821120292e-01 -2.858425029306004700e-02
2.375300000000004843e+02 9.746231685498754072e-01 -2.858425029306005047e-02
2.376400000000004695e+02 9.714789010176387851e-01 -2.858425029306005394e-02
2.377500000000004832e+02 9.683346334854021631e-01 -2.858425029306005741e-02
2.377500000000004832e+02 9.683346334854021631e-01 -2.858425029306005741e-02
2.380500000000004945e+02 9.567679240537664276e-01 -4.848730083260099910e-02
2.383500000000004775e+02 9.392723058545601189e-01 -6.808988479526062454e-02
2.386500000000004889e+02 9.159561959046207402e-01 -8.727052869826694426e-02
2.389500000000004718e+02 8.869640797006228539e-01 -1.059103737411337537e-01
2.392500000000004832e+02 8.524756158699409170e-01 -1.238939123509846668e-01
2.392500000000004832e+02 8.524756158699409170e-01 -1.238939123509846668e-01
2.393600000000004968e+02 8.388472855113325855e-01 -1.238939123509846668e-01
2.394700000000004820e+02 8.252189551527242539e-01 -1.238939123509846668e-01
2.395800000000004957e+02 8.115906247941159224e-01 -1.238939123509846668e-01
2.396900000000004809e+02 7.979622944355075909e-01 -1.238939123509846668e-01
2.398000000000004945e+02 7.843339640768992593e-01 -1.238939123509846668e-01
2.398000000000004945e+02 7.843339640768992593e-01 -1.238939123509846668e-01
2.400000000000004832e+02 7.595779999925901249e-01 -1.236669416228523694e-01
2.400000000000004832e+02 7.595779999925901249e-01 -1.236669416228523694e-01
2.402000000000004718e+02 7.348667026160760063e-01 -1.234472430842061125e-01
2.403100000000004854e+02 7.212875058768133396e-01 -1.234472430842060986e-01
2.404200000000004707e+02 7.077083091375506729e-01 -1.234472430842060847e-01
2.405300000000004843e+02 6.941291123982880062e-01 -1.234472430842060708e-01
2.406400000000004695e+02 6.805499156590253396e-01 -1.234472430842060570e-01
2.407500000000004832e+02 6.669707189197626729e-01 -1.234472430842060431e-01
2.407500000000004832e+02 6.669707189197626729e-01 -1.234472430842060431e-01
2.410500000000004945e+02 6.279082575392296306e-01 -1.368346034667129452e-01
2.413500000000004775e+02 5.849547681677262911e-01 -1.493740258489987816e-01
2.416500000000004889e+02 5.383764254055177778e-01 -1.609878058166062664e-01
2.419500000000004718e+02 4.884618663795817217e-01 -1.716039749850059304e-01
2.422500000000004832e+02 4.355204021142492499e-01 -1.811567469739409630e-01
2.422500000000004832e+02 4.355204021142492499e-01 -1.811567469739409630e-01
2.423600000000004968e+02 4.155931599471157645e-01 -1.811567469739409908e-01
2.424700000000004820e+02 3.956659177799822791e-01 -1.811567469739410186e-01
2.425800000000004957e+02 3.757386756128487937e-01 -1.811567469739410186e-01
2.426900000000004809e+02 3.558114334457153083e-01 -1.811567469739410186e-01
2.428000000000004945e+02 3.358841912785818229e-01 -1.811567469739410186e-01
2.428000000000004945e+02 3.358841912785818229e-01 -1.811567469739410186e-01
2.432000000000005002e+02 2.633848310761068845e-01 -1.813329485479205083e-01
2.433100000000005139e+02 2.434382067358356327e-01 -1.813329485479205361e-01
2.434200000000004991e+02 2.234915823955643810e-01 -1.813329485479205638e-01
2.435300000000005127e+02 2.035449580552931292e-01 -1.813329485479205638e-01
2.436400000000004979e+02 1.835983337150218775e-01 -1.813329485479205638e-01
2.437500000000005116e+02 1.636517093747506257e-01 -1.813329485479205638e-01
2.437500000000005116e+02 1.636517093747506257e-01 -1.813329485479205638e-01
2.440500000000005230e+02 1.088009614619242366e-01 -1.841497539467030764e-01
2.443500000000005059e+02 5.327599469402041071e-02 -1.858254183610723032e-01
2.446500000000005173e+02 -2.579113275425779471e-03 -1.863495580174810984e-01
2.449500000000005002e+02 -5.841823897066681509e-02 -1.857189249222389593e-01
2.452500000000005116e+02 -1.138953579550747164e-01 -1.839374269886134006e-01
2.452500000000005116e+02 -1.138953579550747164e-01 -1.839374269886134006e-01
2.453600000000005252e+02 -1.341284749238221830e-01 -1.839374269886134006e-01
2.454700000000005105e+02 -1.543615918925696495e-01 -1.839374269886134006e-01
2.455800000000005241e+02 -1.745947088613171161e-01 -1.839374269886134006e-01
2.456900000000005093e+02 -1.948278258300645827e-01 -1.839374269886134006e-01
2.458000000000005230e+02 -2.150609427988120492e-01 -1.839374269886134006e-01
2.458000000000005230e+02 -2.150609427988120492e-01 -1.839374269886134006e-01
2.460000000000005116e+02 -2.518551120318376912e-01 -1.840060683874805980e-01
2.460000000000005116e+02 -2.518551120318376912e-01 -1.840060683874805980e-01
2.462000000000005002e+02 -2.886640915130483931e-01 -1.840855301962191493e-01
2.463100000000005139e+02 -3.089134998346325101e-01 -1.840855301962191770e-01
2.464200000000004991e+02 -3.291629081562166270e-01 -1.840855301962192048e-01
2.465300000000005127e+02 -3.494123164778007440e-01 -1.840855301962192325e-01
2.466400000000004979e+02 -3.696617247993848610e-01 -1.840855301962192603e-01
2.467500000000005116e+02 -3.899111331209689779e-01 -1.840855301962192880e-01
2.467500000000005116e+02 -3.899111331209689779e-01 -1.840855301962192880e-01
2.470500000000005230e+02 -4.438716406904023026e-01 -1.754653033822340946e-01
2.473500000000005059e+02 -4.950815601642234443e-01 -1.657577514714637656e-01
2.476500000000005173e+02 -5.432235534158915691e-01 -1.550230303158984246e-01
2.479500000000005002e+02 -5.879992936738847042e-01 -1.433276609398945467e-01
2.482500000000005116e+02 -6.291313141959384847e-01 -1.307441173220235398e-01
2.482500000000005116e+02 -6.291313141959384847e-01 -1.307441173220235398e-01
2.483600000000005252e+02 -6.435131671013610832e-01 -1.307441173220235398e-01
2.484700000000005105e+02 -6.578950200067836818e-01 -1.307441173220235398e-01
2.485800000000005241e+02 -6.722768729122062803e-01 -1.307441173220235398e-01
2.486900000000005093e+02 -6.866587258176288788e-01 -1.307441173220235398e-01
2.488000000000005230e+02 -7.010405787230514774e-01 -1.307441173220235398e-01
2.488000000000005230e+02 -7.010405787230514774e-01 -1.307441173220235398e-01
2.492000000000005286e+02 -7.532537286046600000e-01 -1.303165147989135408e-01
2.493100000000005423e+02 -7.675885452325404978e-01 -1.303165147989135408e-01
2.494200000000005275e+02 -7.819233618604209957e-01 -1.303165147989135408e-01
2.495300000000005411e+02 -7.962581784883014935e-01 -1.303165147989135408e-01
2.496400000000005264e+02 -8.105929951161819913e-01 -1.303165147989135408e-01
2.497500000000005400e+02 -8.249278117440624891e-01 -1.303165147989135408e-01
2.497500000000005400e+02 -8.249278117440624891e-01 -1.303165147989135408e-01
2.500500000000005514e+02 -8.614264201656338660e-01 -1.128818106716763803e-01
2.503500000000005343e+02 -8.925869329772478933e-01 -9.474759944332432349e-02
2.506500000000005457e+02 -9.182162544103622537e-01 -7.602625537019996882e-02
2.509500000000005286e+02 -9.381555644369129476e-01 -5.683379105913913265e-02
2.512500000000005400e+02 -9.522813029468005785e-01 -3.728913855945953371e-02
2.512500000000005400e+02 -9.522813029468005785e-01 -3.728913855945953371e-02
2.513600000000005537e+02 -9.563831081883411578e-01 -3.728913855945953371e-02
2.514700000000005389e+02 -9.604849134298817370e-01 -3.728913855945953371e-02
2.515800000000005525e+02 -9.645867186714223163e-01 -3.728913855945953371e-02
2.516900000000005377e+02 -9.686885239129628955e-01 -3.728913855945953371e-02
2.518000000000005514e+02 -9.727903291545034747e-01 -3.728913855945953371e-02
2.518000000000005514e+02 -9.727903291545034747e-01 -3.728913855945953371e-02
2.520000000000005400e+02 -9.802768322493258246e-01 -3.757625925418272422e-02
2.520000000000005400e+02 -9.802768322493258246e-01 -3.757625925418272422e-02
2.522000000000005286e+02 -9.878209801664373790e-01 -3.786558960715319389e-02
2.523100000000005423e+02 -9.919861950232242709e-01 -3.786558960715319389e-02
2.524200000000005275e+02 -9.961514098800111627e-01 -3.786558960715319389e-02
2.525300000000005411e+02 -1.000316624736798055e+00 -3.786558960715319389e-02
2.526400000000005264e+02 -1.004481839593584835e+00 -3.786558960715319389e-02
2.527500000000005400e+02 -1.008647054450371616e+00 -3.786558960715319389e-02
2.527500000000005400e+02 -1.008647054450371616e+00 -3.786558960715319389e-02
2.530500000000005514e+02 -1.016869799681191955e+00 -1.692438615874549204e-02
2.533500000000005343e+02 -1.018791196257613496e+00 4.121694490246272796e-03
2.536500000000005457e+02 -1.014399337650662813e+00 2.514223378277915394e-02
2.539500000000005286e+02 -1.003721439372425417e+00 4.600697143672829309e-02
2.542500000000005400e+02 -9.868236703266962673e-01 6.658661264308439465e-02
2.542500000000005400e+02 -9.868236703266962673e-01 6.658661264308439465e-02
2.543600000000005537e+02 -9.794991429359569679e-01 6.658661264308440852e-02
2.544700000000005389e+02 -9.721746155452176685e-01 6.658661264308440852e-02
2.545800000000005525e+02 -9.648500881544783692e-01 6.658661264308440852e-02
2.546900000000005377e+02 -9.575255607637390698e-01 6.658661264308440852e-02
2.548000000000005514e+02 -9.502010333729997704e-01 6.658661264308440852e-02
2.548000000000005514e+02 -9.502010333729997704e-01 6.658661264308440852e-02
2.552000000000005571e+02 -9.234556827451138039e-01 6.713751924790108128e-02
2.553100000000005707e+02 -9.160705556278446737e-01 6.713751924790108128e-02
2.554200000000005559e+02 -9.086854285105755435e-01 6.713751924790108128e-02
2.555300000000005696e+02 -9.013003013933064134e-01 6.713751924790108128e-02
2.556400000000005548e+02 -8.939151742760372832e-01 6.713751924790108128e-02
2.557500000000005684e+02 -8.865300471587681530e-01 6.713751924790108128e-02
2.557500000000005684e+02 -8.865300471587681530e-01 6.713751924790108128e-02
2.560500000000005798e+02 -8.636627686011961735e-01 8.523223110083215370e-02
2.563500000000005912e+02 -8.354435362079560834e-01 1.027987750359761476e-01
2.566500000000005457e+02 -8.020472191925153149e-01 1.197282945232085727e-01
2.569500000000005571e+02 -7.636807681766261124e-01 1.359158805516759161e-01
2.572500000000005684e+02 -7.205819327567068999e-01 1.512612217310005669e-01
2.572500000000005684e+02 -7.205819327567068999e-01 1.512612217310005669e-01
2.573600000000005821e+02 -7.039431983662968184e-01 1.512612217310005391e-01
2.574700000000005957e+02 -6.873044639758867369e-01 1.512612217310005114e-01
2.575800000000005525e+02 -6.706657295854766554e-01 1.512612217310004836e-01
2.576900000000005662e+02 -6.540269951950665739e-01 1.512612217310004559e-01
2.578000000000005798e+02 -6.373882608046564924e-01 1.512612217310004281e-01
2.578000000000005798e+02 -6.373882608046564924e-01 1.512612217310004281e-01
2.580000000000005684e+02 -6.071544606559983182e-01 1.510782613198788371e-01
2.580000000000005684e+02 -6.071544606559983182e-01 1.510782613198788371e-01
2.582000000000005571e+02 -5.769563640043882113e-01 1.509041850109200666e-01
2.583100000000005707e+02 -5.603569036531870218e-01 1.509041850109200666e-01
2.584200000000005844e+02 -5.437574433019858322e-01 1.509041850109200666e-01
2.585300000000005411e+02 -5.271579829507846426e-01 1.509041850109200666e-01
2.586400000000005548e+02 -5.105585225995834531e-01 1.509041850109200666e-01
2.587500000000005684e+02 -4.939590622483822635e-01 1.509041850109200666e-01
2.587500000000005684e+02 -4.939590622483822635e-01 1.509041850109200666e-01
2.590500000000005798e+02 -4.472040874781290642e-01 1.606345849117521707e-01
2.593500000000005912e+02 -3.976778740736310325e-01 1.693695628560979993e-01
2.596500000000005457e+02 -3.456873265553035979e-01 1.770549898477781214e-01
2.599500000000005571e+02 -2.915546204531375141e-01 1.836432407581236048e-01
2.602500000000005684e+02 -2.356152058462537280e-01 1.890934894499016194e-01
2.602500000000005684e+02 -2.356152058462537280e-01 1.890934894499016194e-01
2.603600000000005821e+02 -2.148149220067645526e-01 1.890934894499016194e-01
2.604700000000005957e+02 -1.940146381672753773e-01 1.890934894499016194e-01
2.605800000000005525e+02 -1.732143543277862019e-01 1.890934894499016194e-01
2.606900000000005662e+02 -1.524140704882970265e-01 1.890934894499016194e-01
2.608000000000005798e+02 -1.316137866488078512e-01 1.890934894499016194e-01
2.608000000000005798e+02 -1.316137866488078512e-01 1.890934894499016194e-01
2.612000000000005571e+02 -5.596387741675679095e-02 1.891486424419950019e-01
2.613100000000005707e+02 -3.515752674813733825e-02 1.891486424419949741e-01
2.614200000000005844e+02 -1.435117607951789248e-02 1.891486424419949464e-01
2.615300000000005411e+02 6.455174589101546345e-03 1.891486424419949186e-01
2.616400000000005548e+02 2.726152525772098864e-02 1.891486424419949186e-01
2.617500000000005684e+02 4.806787592634043094e-02 1.891486424419949186e-01
2.617500000000005684e+02 4.806787592634043094e-02 1.891486424419949186e-01
2.620500000000005798e+02 1.046049168968038040e-01 1.875702048155547530e-01
2.623500000000005912e+02 1.604937411019168592e-01 1.848294303215146095e-01
2.626500000000005457e+02 2.153880161328393661e-01 1.809433030178818069e-01
2.629500000000005571e+02 2.689475726127148469e-01 1.759359044961031626e-01
2.632500000000005684e+02 3.208405121615761635e-01 1.698382646519760453e-01
2.632500000000005684e+02 3.208405121615761635e-01 1.698382646519760453e-01
2.633600000000005821e+02 3.395227212732935262e-01 1.698382646519760175e-01
2.634700000000005957e+02 3.582049303850108890e-01 1.698382646519759898e-01
2.635800000000005525e+02 3.768871394967282518e-01 1.698382646519759620e-01
2.636900000000005662e+02 3.955693486084456145e-01 1.698382646519759342e-01
2.638000000000005798e+02 4.142515577201629773e-01 1.698382646519759342e-01
2.638000000000005798e+02 4.142515577201629773e-01 1.698382646519759342e-01
2.640000000000005684e+02 4.482317235151797585e-01 1.699650584478008541e-01
2.640000000000005684e+02 4.482317235151797585e-01 1.699650584478008541e-01
2.642000000000005571e+02 4.822382474135367136e-01 1.701018469770186892e-01
2.643100000000005707e+02 5.009494505810088150e-01 1.701018469770186892e-01
2.644200000000005844e+02 5.196606537484809163e-01 1.701018469770186892e-01
2.645300000000005411e+02 5.383718569159530176e-01 1.701018469770186892e-01
2.646400000000005548e+02 5.570830600834251189e-01 1.701018469770186892e-01
2.647500000000005684e+02 5.757942632508972203e-01 1.701018469770186892e-01
2.647500000000005684e+02 5.757942632508972203e-01 1.701018469770186892e-01
2.650500000000005798e+02 6.249880582680001906e-01 1.576873233254846574e-01
2.653500000000005912e+02 6.703089212133472863e-01 1.442956413367052770e-01
2.656500000000005457e+02 7.114760073231092274e-01 1.300097867157483655e-01
2.659500000000005571e+02 7.482342119981115758e-01 1.149182861853136894e-01
2.662500000000005684e+02 7.803557516384865833e-01 9.911465890252176003e-02
2.662500000000005684e+02 7.803557516384865833e-01 9.911465890252176003e-02
2.663600000000005821e+02 7.912583641177639571e-01 9.911465890252177391e-02
2.664700000000005957e+02 8.021609765970413308e-01 9.911465890252177391e-02
2.665800000000005525e+02 8.130635890763187046e-01 9.911465890252177391e-02
2.666900000000005662e+02 8.239662015555960783e-01 9.911465890252177391e-02
2.668000000000005798e+02 8.348688140348734521e-01 9.911465890252177391e-02
2.668000000000005798e+02 8.348688140348734521e-01 9.911465890252177391e-02
2.672000000000005571e+02 8.744149374737434366e-01 9.861208246997074656e-02
2.673100000000005707e+02 8.852622665454402684e-01 9.861208246997074656e-02
2.674200000000005844e+02 8.961095956171371002e-01 9.861208246997074656e-02
2.675300000000005411e+02 9.069569246888339320e-01 9.861208246997074656e-02
2.676400000000005548e+02 9.178042537605307638e-01 9.861208246997074656e-02
2.677500000000005684e+02 9.286515828322275956e-01 9.861208246997074656e-02
2.677500000000005684e+02 9.286515828322275956e-01 9.861208246997074656e-02
2.680500000000005798e+02 9.553273086662155134e-01 7.913419702117339971e-02
2.683500000000005912e+02 9.760830529520611032e-01 5.916593201142003600e-02
2.686500000000005457e+02 9.907901962919146710e-01 3.883102697933377145e-02
2.689500000000005571e+02 9.993576013170358818e-01 1.825549346199367359e-02
2.692500000000005684e+02 1.001732177448728001e+00 -2.433165874608368955e-03
2.692500000000005684e+02 1.001732177448728001e+00 -2.433165874608368955e-03
2.693600000000005821e+02 1.001464529202521048e+00 -2.433165874608368955e-03
2.694700000000005957e+02 1.001196880956314095e+00 -2.433165874608368955e-03
2.695800000000005525e+02 1.000929232710107142e+00 -2.433165874608368955e-03
2.696900000000005662e+02 1.000661584463900189e+00 -2.433165874608368955e-03
2.698000000000005798e+02 1.000393936217693236e+00 -2.433165874608368955e-03
2.698000000000005798e+02 1.000393936217693236e+00 -2.433165874608368955e-03
2.700000000000005684e+02 9.999367121740322384e-01 -2.139096967613124661e-03
2.700000000000005684e+02 9.999367121740322384e-01 -2.139096967613124661e-03
2.702000000000005571e+02 9.995382890447430668e-01 -1.845153849436406398e-03
2.703100000000005707e+02 9.993353221213050475e-01 -1.845153849436406398e-03
2.704200000000005844e+02 9.991323551978670281e-01 -1.845153849436406398e-03
2.705300000000005411e+02 9.989293882744290087e-01 -1.845153849436406398e-03
2.706400000000005548e+02 9.987264213509909894e-01 -1.845153849436406398e-03
2.707500000000005684e+02 9.985234544275529700e-01 -1.845153849436406398e-03
2.707500000000005684e+02 9.985234544275529700e-01 -1.845153849436406398e-03
2.710500000000005798e+02 9.948766501723246281e-01 -2.245431198077683932e-02
2.713500000000005912e+02 9.850647846252572615e-01 -4.292432501347542145e-02
2.716500000000005457e+02 9.691486600501023618e-01 -6.312834417189235048e-02
2.719500000000005571e+02 9.472269056422633060e-01 -8.294116899380299390e-02
2.722500000000005684e+02 9.194353663424422729e-01 -1.022400231738456733e-01
2.722500000000005684e+02 9.194353663424422729e-01 -1.022400231738456733e-01
2.723600000000005821e+02 9.081889637933192594e-01 -1.022400231738456733e-01
2.724700000000005957e+02 8.969425612441962459e-01 -1.022400231738456733e-01
2.725800000000005525e+02 8.856961586950732324e-01 -1.022400231738456733e-01
2.726900000000005662e+02 8.744497561459502188e-01 -1.022400231738456733e-01
2.728000000000005798e+02 8.632033535968272053e-01 -1.022400231738456733e-01
2.728000000000005798e+02 8.632033535968272053e-01 -1.022400231738456733e-01
2.732000000000005571e+02 8.222074293199648221e-01 -1.027355802970639498e-01
2.733100000000005707e+02 8.109065154872877601e-01 -1.027355802970639498e-01
2.734200000000005844e+02 7.996056016546106981e-01 -1.027355802970639498e-01
2.735300000000005411e+02 7.883046878219336362e-01 -1.027355802970639498e-01
2.736400000000005548e+02 7.770037739892565742e-01 -1.027355802970639498e-01
2.737500000000005684e+02 7.657028601565795123e-01 -1.027355802970639498e-01
2.737500000000005684e+02 7.657028601565795123e-01 -1.027355802970639498e-01
2.740500000000005798e+02 7.325415668279481318e-01 -1.182254742947052295e-01
2.743500000000005912e+02 6.948408528007465890e-01 -1.329827475245689561e-01
2.746500000000005457e+02 6.528343422259552664e-01 -1.469159519725458107e-01
2.749500000000005571e+02 6.067823414564287310e-01 -1.599387462219234168e-01
2.752500000000005684e+02 5.569702259779705233e-01 -1.719704304947735074e-01
2.752500000000005684e+02 5.569702259779705233e-01 -1.719704304947735074e-01
2.753600000000005821e+02 5.380534786235454670e-01 -1.719704304947735074e-01
2.754700000000005957e+02 5.191367312691204106e-01 -1.719704304947735074e-01
2.755800000000005525e+02 5.002199839146953542e-01 -1.719704304947735074e-01
2.756900000000005662e+02 4.813032365602702423e-01 -1.719704304947735074e-01
2.758000000000005798e+02 4.623864892058451304e-01 -1.719704304947735074e-01
2.758000000000005798e+02 4.623864892058451304e-01 -1.719704304947735074e-01
2.760000000000005684e+02 4.280056612535242944e-01 -1.718395338119209637e-01
2.760000000000005684e+02 4.280056612535242944e-01 -1.718395338119209637e-01
2.762000000000005571e+02 3.936500020183147930e-01 -1.717187420903027728e-01
2.763100000000005707e+02 3.747609403883814805e-01 -1.717187420903028006e-01
2.764200000000005844e+02 3.558718787584481680e-01 -1.717187420903028006e-01
2.765300000000005411e+02 3.369828171285148555e-01 -1.717187420903028006e-01
2.766400000000005548e+02 3.180937554985815430e-01 -1.717187420903028006e-01
2.767500000000005684e+02 2.992046938686482305e-01 -1.717187420903028006e-01
2.767500000000005684e+02 2.992046938686482305e-01 -1.717187420903028006e-01
2.770500000000005798e+02 2.468152303812761739e-01 -1.773638762185565376e-01
2.773500000000005912e+02 1.928962998762611958e-01 -1.819099201554187639e-01
2.776500000000005457e+02 1.377820277060247123e-01 -1.853287029316568191e-01
2.779500000000005571e+02 8.181394652783202659e-02 -1.875990390009447673e-01
2.782500000000005684e+02 2.533887989090478562e-02 -1.887068595226682188e-01
2.782500000000005684e+02 2.533887989090478562e-02 -1.887068595226682188e-01
2.783600000000005821e+02 4.581125343411280443e-03 -1.887068595226682188e-01
2.784700000000005957e+02 -1.617662920408222474e-02 -1.887068595226682188e-01
2.785800000000005525e+02 -3.693438375157572645e-02 -1.887068595226682188e-01
2.786900000000005662e+02 -5.769213829906923163e-02 -1.887068595226682188e-01
2.788000000000005798e+02 -7.844989284656272988e-02 -1.887068595226682188e-01
2.788000000000005798e+02 -7.844989284656272988e-02 -1.887068595226682188e-01
2.792000000000005571e+02 -1.539204513393614970e-01 -1.886385362507079222e-01
2.793100000000005707e+02 -1.746706903269393818e-01 -1.886385362507079499e-01
2.794200000000005844e+02 -1.954209293145172666e-01 -1.886385362507079777e-01
2.795300000000005411e+02 -2.161711683020951513e-01 -1.886385362507080055e-01
2.796400000000005548e+02 -2.369214072896730361e-01 -1.886385362507080332e-01
2.797500000000005684e+02 -2.576716462772509209e-01 -1.886385362507080610e-01
2.797500000000005684e+02 -2.576716462772509209e-01 -1.886385362507080610e-01
2.800500000000005798e+02 -3.134063761342569809e-01 -1.827343340576568775e-01
2.803500000000005912e+02 -3.671989863146322697e-01 -1.756977619678984637e-01
2.806500000000005457e+02 -4.187161342489702509e-01 -1.675724242797307362e-01
2.809500000000005571e+02 -4.676385779744204330e-01 -1.584086721646730811e-01
2.812500000000005684e+02 -5.136631544163803298e-01 -1.482632916508789256e-01
2.812500000000005684e+02 -5.136631544163803298e-01 -1.482632916508789256e-01
2.813600000000005821e+02 -5.299721164979770416e-01 -1.482632916508788978e-01
2.814700000000005957e+02 -5.462810785795737534e-01 -1.482632916508788701e-01
2.815800000000005525e+02 -5.625900406611704652e-01 -1.482632916508788423e-01
2.816900000000005662e+02 -5.788990027427671770e-01 -1.482632916508788146e-01
2.818000000000005798e+02 -5.952079648243638887e-01 -1.482632916508787868e-01
2.818000000000005798e+02 -5.952079648243638887e-01 -1.482632916508787868e-01
2.820000000000005684e+02 -6.248784142667878072e-01 -1.484426567314606205e-01
2.820000000000005684e+02 -6.248784142667878072e-01 -1.484426567314606205e-01
2.822000000000005571e+02 -6.545856094569002526e-01 -1.486307509284368056e-01
2.823100000000005707e+02 -6.709349920590282901e-01 -1.486307509284368333e-01
2.824200000000005844e+02 -6.872843746611563276e-01 -1.486307509284368611e-01
2.825300000000005411e+02 -7.036337572632843651e-01 -1.486307509284368888e-01
2.826400000000005548e+02 -7.199831398654124026e-01 -1.486307509284369166e-01
2.827500000000005684e+02 -7.363325224675404401e-01 -1.486307509284369444e-01
2.827500000000005684e+02 -7.363325224675404401e-01 -1.486307509284369444e-01
2.830500000000005798e+02 -7.785942301378417918e-01 -1.329683834339253357e-01
2.833500000000005912e+02 -8.160311375181369398e-01 -1.164820361690492023e-01
2.836500000000005457e+02 -8.484112552170398613e-01 -9.927387189071500140e-02
2.839500000000005571e+02 -8.755339298065928366e-01 -8.145052631851511238e-02
2.842500000000005684e+02 -8.972310872333780774e-01 -6.312244733347259495e-02
2.842500000000005684e+02 -8.972310872333780774e-01 -6.312244733347259495e-02
2.843600000000005821e+02 -9.041745564400600621e-01 -6.312244733347259495e-02
2.844700000000005957e+02 -9.111180256467420469e-01 -6.312244733347259495e-02
2.845800000000005525e+02 -9.180614948534240316e-01 -6.312244733347259495e-02
2.846900000000005662e+02 -9.250049640601060164e-01 -6.312244733347259495e-02
2.848000000000005798e+02 -9.319484332667880011e-01 -6.312244733347259495e-02
2.848000000000005798e+02 -9.319484332667880011e-01 -6.312244733347259495e-02
2.852000000000005571e+02 -9.570868192874116831e-01 -6.256701901599523441e-02
2.853100000000005707e+02 -9.639691913791711420e-01 -6.256701901599523441e-02
2.854200000000005844e+02 -9.708515634709306008e-01 -6.256701901599523441e-02
2.855300000000005411e+02 -9.777339355626900597e-01 -6.256701901599523441e-02
2.856400000000005548e+02 -9.846163076544495185e-01 -6.256701901599523441e-02
2.857500000000005684e+02 -9.914986797462089774e-01 -6.256701901599523441e-02
2.857500000000005684e+02 -9.914986797462089774e-01 -6.256701901599523441e-02
2.860500000000005798e+02 -1.007177331322205438e+00 -4.190331489037070478e-02
2.863500000000005912e+02 -1.016614696625899761e+00 -2.097994389590715839e-02
2.866500000000005457e+02 -1.019752294100285894e+00 7.343581872203727278e-05
2.869500000000005571e+02 -1.016570680650851433e+00 2.112636046556881642e-02
2.872500000000005684e+02 -1.007089572130728694e+00 4.204836907662044820e-02
2.872500000000005684e+02 -1.007089572130728694e+00 4.204836907662044820e-02
2.873600000000005821e+02 -1.002464251532300343e+00 4.204836907662044820e-02
2.874700000000005957e+02 -9.978389309338721036e-01 4.204836907662044820e-02
2.875800000000005525e+02 -9.932136103354438639e-01 4.204836907662044820e-02
2.876900000000005662e+02 -9.885882897370156241e-01 4.204836907662044820e-02
2.878000000000005798e+02 -9.839629691385873844e-01 4.204836907662044820e-02
2.878000000000005798e+02 -9.839629691385873844e-01 4.204836907662044820e-02
2.880000000000005684e+02 -9.755821436942370140e-01 4.176029605729140309e-02
2.880000000000005684e+02 -9.755821436942370140e-01 4.176029605729140309e-02
2.882000000000005571e+02 -9.672586870027242156e-01 4.147467873697081170e-02
2.883100000000005707e+02 -9.626964723416574499e-01 4.147467873697081170e-02
2.884200000000005844e+02 -9.581342576805906841e-01 4.147467873697081170e-02
2.885300000000005411e+02 -9.535720430195239183e-01 4.147467873697081170e-02
2.886400000000005548e+02 -9.490098283584571526e-01 4.147467873697081170e-02
2.887500000000005684e+02 -9.444476136973903868e-01 4.147467873697081170e-02
2.887500000000005684e+02 -9.444476136973903868e-01 4.147467873697081170e-02
2.890500000000005798e+02 -9.290917821929509657e-01 6.084463341195906622e-02
2.893500000000005912e+02 -9.079785457057191200e-01 7.983754547145760494e-02
2.896500000000005457e+02 -8.812387389446934005e-01 9.833571945350161325e-02
2.899500000000005571e+02 -8.490380634042066221e-01 1.162245256938101851e-01
2.902500000000005684e+02 -8.115760605433083308e-01 1.333931106640928732e-01
2.902500000000005684e+02 -8.115760605433083308e-01 1.333931106640928732e-01
2.903600000000005821e+02 -7.969028183702581147e-01 1.333931106640928455e-01
2.904700000000005957e+02 -7.822295761972078987e-01 1.333931106640928177e-01
2.905800000000005525e+02 -7.675563340241576826e-01 1.333931106640927899e-01
2.906900000000005662e+02 -7.528830918511074666e-01 1.333931106640927622e-01
2.908000000000005798e+02 -7.382098496780572505e-01 1.333931106640927622e-01
2.908000000000005798e+02 -7.382098496780572505e-01 1.333931106640927622e-01
2.912000000000005571e+02 -6.847678789506975727e-01 1.338115052517805104e-01
2.913100000000005707e+02 -6.700486133730017002e-01 1.338115052517805104e-01
2.914200000000005844e+02 -6.553293477953058277e-01 1.338115052517805104e-01
2.915300000000005411e+02 -6.406100822176099552e-01 1.338115052517805104e-01
2.916400000000005548e+02 -6.258908166399140827e-01 1.338115052517805104e-01
2.917500000000005684e+02 -6.111715510622182101e-01 1.338115052517805104e-01
2.917500000000005684e+02 -6.111715510622182101e-01 1.338115052517805104e-01
2.920500000000005798e+02 -5.691759113760054278e-01 1.460147591029294367e-01
2.923500000000005912e+02 -5.236531968721587216e-01 1.573131872761990013e-01
2.926500000000005457e+02 -4.748855031502112189e-01 1.676367755621294697e-01
2.929500000000005571e+02 -4.231750343284367277e-01 1.769215506485389278e-01
2.932500000000005684e+02 -3.688422303424365167e-01 1.851099765509369444e-01
2.932500000000005684e+02 -3.688422303424365167e-01 1.851099765509369444e-01
2.933600000000005821e+02 -3.484801329218334409e-01 1.851099765509369166e-01
2.934700000000005957e+02 -3.281180355012303651e-01 1.851099765509368889e-01
2.935800000000005525e+02 -3.077559380806272893e-01 1.851099765509368889e-01
2.936900000000005662e+02 -2.873938406600242135e-01 1.851099765509368889e-01
2.938000000000005798e+02 -2.670317432394211377e-01 1.851099765509368889e-01
2.938000000000005798e+02 -2.670317432394211377e-01 1.851099765509368889e-01
2.940000000000005684e+02 -2.300172364380146939e-01 1.850369053062932145e-01
2.940000000000005684e+02 -2.300172364380146939e-01 1.850369053062932145e-01
2.942000000000005571e+02 -1.930162557164682435e-01 1.849747150895106329e-01
2.943100000000005707e+02 -1.726690370566220656e-01 1.849747150895106329e-01
2.944200000000005844e+02 -1.523218183967758876e-01 1.849747150895106329e-01
2.945300000000005411e+02 -1.319745997369297097e-01 1.849747150895106329e-01
2.946400000000005548e+02 -1.116273810770835317e-01 1.849747150895106329e-01
2.947500000000005684e+02 -9.128016241723735380e-02 1.849747150895106329e-01
2.947500000000005684e+02 -9.128016241723735380e-02 1.849747150895106329e-01
2.950500000000005798e+02 -3.556224949456423395e-02 1.862861002543924893e-01
2.953500000000005912e+02 2.037603592129276497e-02 1.864431059032910787e-01
2.956500000000005457e+02 7.618805491978096478e-02 1.854447591020824126e-01
2.959500000000005571e+02 1.315279510393115858e-01 1.832972464159198511e-01
2.962500000000005684e+02 1.860527934739379663e-01 1.800138755722797412e-01
2.962500000000005684e+02 1.860527934739379663e-01 1.800138755722797412e-01
2.963600000000005821e+02 2.058543197868887287e-01 1.800138755722797412e-01
2.964700000000005957e+02 2.256558460998394910e-01 1.800138755722797412e-01
2.965800000000005525e+02 2.454573724127902534e-01 1.800138755722797412e-01
2.966900000000005662e+02 2.652588987257410436e-01 1.800138755722797412e-01
2.968000000000005798e+02 2.850604250386918337e-01 1.800138755722797412e-01
2.968000000000005798e+02 2.850604250386918337e-01 1.800138755722797412e-01
2.972000000000005571e+02 3.570296275468957115e-01 1.798250834377262131e-01
2.973100000000005707e+02 3.768103867250455763e-01 1.798250834377261853e-01
2.974200000000005844e+02 3.965911459031954411e-01 1.798250834377261576e-01
2.975300000000005411e+02 4.163719050813453060e-01 1.798250834377261298e-01
2.976400000000005548e+02 4.361526642594951708e-01 1.798250834377261298e-01
2.977500000000005684e+02 4.559334234376450357e-01 1.798250834377261298e-01
2.977500000000005684e+02 4.559334234376450357e-01 1.798250834377261298e-01
2.980500000000005798e+02 5.084125535262490336e-01 1.698550033285123884e-01
2.983500000000005912e+02 5.577411477635113579e-01 1.588323640843894435e-01
2.986500000000005457e+02 6.036135262373941712e-01 1.468254709033139371e-01
2.989500000000005571e+02 6.457454265472803989e-01 1.339087282176233684e-01
2.992500000000005684e+02 6.838757653239864176e-01 1.201621786238819406e-01
2.992500000000005684e+02 6.838757653239864176e-01 1.201621786238819406e-01
2.993600000000005821e+02 6.970936049726134121e-01 1.201621786238819545e-01
2.994700000000005957e+02 7.103114446212404065e-01 1.201621786238819684e-01
2.995800000000005525e+02 7.235292842698674010e-01 1.201621786238819822e-01
2.996900000000005662e+02 7.367471239184943954e-01 1.201621786238819961e-01
2.998000000000005798e+02 7.499649635671213899e-01 1.201621786238820100e-01
2.998000000000005798e+02 7.499649635671213899e-01 1.201621786238820100e-01
3.000000000000005684e+02 7.740196855362188044e-01 1.203862198344686912e-01
3.000000000000005684e+02 7.740196855362188044e-01 1.203862198344686912e-01
3.002000000000005571e+02 7.981199234511726637e-01 1.206173403128908694e-01
3.003100000000005707e+02 8.113878308855906329e-01 1.206173403128908694e-01
3.004200000000005844e+02 8.246557383200086022e-01 1.206173403128908694e-01
3.005300000000005411e+02 8.379236457544265715e-01 1.206173403128908694e-01
3.006400000000005548e+02 8.511915531888445408e-01 1.206173403128908694e-01
3.007500000000005684e+02 8.644594606232625100e-01 1.206173403128908694e-01
3.007500000000005684e+02 8.644594606232625100e-01 1.206173403128908694e-01
3.010500000000005798e+02 8.979288374642455661e-01 1.023965430728784182e-01
3.013500000000005912e+02 9.258339201611035518e-01 8.354121393989477617e-02
3.016500000000005457e+02 9.480017862262626327e-01 6.416819580069516027e-02
3.019500000000005571e+02 9.642950656119108066e-01 4.439753956231259902e-02
3.022500000000005684e+02 9.746127919660486638e-01 2.435176021941288377e-02
3.022500000000005684e+02 9.746127919660486638e-01 2.435176021941288377e-02
3.023600000000005821e+02 9.772914855901840836e-01 2.435176021941288377e-02
3.024700000000005957e+02 9.799701792143195034e-01 2.435176021941288377e-02
3.025800000000005525e+02 9.826488728384549232e-01 2.435176021941288377e-02
3.026900000000005662e+02 9.853275664625903429e-01 2.435176021941288377e-02
3.028000000000005798e+02 9.880062600867257627e-01 2.435176021941288377e-02
3.028000000000005798e+02 9.880062600867257627e-01 2.435176021941288377e-02
3.032000000000005571e+02 9.976303864652366071e-01 2.376792843531858393e-02
3.033100000000005707e+02 1.000244858593121622e+00 2.376792843531858046e-02
3.034200000000005844e+02 1.002859330721006748e+00 2.376792843531857699e-02
3.035300000000005411e+02 1.005473802848891873e+00 2.376792843531857352e-02
3.036400000000005548e+02 1.008088274976776999e+00 2.376792843531857005e-02
3.037500000000005684e+02 1.010702747104662125e+00 2.376792843531857005e-02
3.037500000000005684e+02 1.010702747104662125e+00 2.376792843531857005e-02
3.040500000000005798e+02 1.014694193544938949e+00 2.827964735966550375e-03
3.043500000000005912e+02 1.012397773148057567e+00 -1.812952332272578515e-02
3.046500000000005457e+02 1.003827716394248171e+00 -3.897466617514944859e-02
3.049500000000005571e+02 9.890371302944680476e-01 -5.957829043754488130e-02
3.052500000000005684e+02 9.681176692963642250e-01 -7.981271937091276303e-02
3.052500000000005684e+02 9.681176692963642250e-01 -7.981271937091276303e-02
3.053600000000005821e+02 9.593382701655638334e-01 -7.981271937091276303e-02
3.054700000000005957e+02 9.505588710347634418e-01 -7.981271937091276303e-02
3.055800000000005525e+02 9.417794719039630502e-01 -7.981271937091276303e-02
3.056900000000005662e+02 9.330000727731626586e-01 -7.981271937091276303e-02
3.058000000000005798e+02 9.242206736423622671e-01 -7.981271937091276303e-02
3.058000000000005798e+02 9.242206736423622671e-01 -7.981271937091276303e-02
3.060000000000005684e+02 9.082851475533662011e-01 -7.954332241679683280e-02
3.060000000000005684e+02 9.082851475533662011e-01 -7.954332241679683280e-02
3.062000000000005571e+02 8.924030328418465219e-01 -7.927860297880100215e-02
3.063100000000005707e+02 8.836823865141784085e-01 -7.927860297880098828e-02
3.064200000000005844e+02 8.749617401865102950e-01 -7.927860297880097440e-02
3.065300000000005411e+02 8.662410938588421816e-01 -7.927860297880096052e-02
3.066400000000005548e+02 8.575204475311740682e-01 -7.927860297880094664e-02
3.067500000000005684e+02 8.487998012035059547e-01 -7.927860297880093277e-02
3.067500000000005684e+02 8.487998012035059547e-01 -7.927860297880093277e-02
3.070500000000005798e+02 8.224108636809157602e-01 -9.655674236683736700e-02
3.073500000000005912e+02 7.909256025278617042e-01 -1.132365379956370571e-01
3.076500000000005457e+02 7.545391259165654674e-01 -1.292146283455983813e-01
3.079500000000005571e+02 7.134769139188166243e-01 -1.443920002312078787e-01
3.082500000000005684e+02 6.679934212488739531e-01 -1.586746023668994532e-01
3.082500000000005684e+02 6.679934212488739531e-01 -1.586746023668994532e-01
3.083600000000005821e+02 6.505392149885149689e-01 -1.586746023668994532e-01
3.084700000000005957e+02 6.330850087281559846e-01 -1.586746023668994532e-01
3.085800000000005525e+02 6.156308024677970003e-01 -1.586746023668994532e-01
3.086900000000005662e+02 5.981765962074380161e-01 -1.586746023668994532e-01
3.088000000000005798e+02 5.807223899470790318e-01 -1.586746023668994532e-01
3.088000000000005798e+02 5.807223899470790318e-01 -1.586746023668994532e-01
3.092000000000005571e+02 5.171867405087032799e-01 -1.589974178465193011e-01
3.093100000000005707e+02 4.996970245455861770e-01 -1.589974178465193011e-01
3.094200000000005844e+02 4.822073085824690741e-01 -1.589974178465193011e-01
3.095300000000005411e+02 4.647175926193519713e-01 -1.589974178465193011e-01
3.096400000000005548e+02 4.472278766562348684e-01 -1.589974178465193011e-01
3.097500000000005684e+02 4.297381606931177656e-01 -1.589974178465193011e-01
3.097500000000005684e+02 4.297381606931177656e-01 -1.589974178465193011e-01
3.100500000000005798e+02 3.807567065550921392e-01 -1.673768780688967006e-01
3.103500000000005912e+02 3.294157755585161440e-01 -1.747191356270455520e-01
3.106500000000005457e+02 2.760335176834107784e-01 -1.809786919480028400e-01
3.109500000000005571e+02 2.209407326240283576e-01 -1.861167577523351879e-01
3.112500000000005684e+02 1.644788198860980544e-01 -1.901014934239514675e-01
3.112500000000005684e+02 1.644788198860980544e-01 -1.901014934239514675e-01
3.113600000000005821e+02 1.435676556094633849e-01 -1.901014934239514398e-01
3.114700000000005957e+02 1.226564913328287154e-01 -1.901014934239514398e-01
3.115800000000005525e+02 1.017453270561940598e-01 -1.901014934239514398e-01
3.116900000000005662e+02 8.083416277955940421e-02 -1.901014934239514398e-01
3.118000000000005798e+02 5.992299850292474861e-02 -1.901014934239514398e-01
3.118000000000005798e+02 5.992299850292474861e-02 -1.901014934239514398e-01
3.120000000000005684e+02 2.190408906561797098e-02 -1.900894640116023993e-01
3.120000000000005684e+02 2.190408906561797098e-02 -1.900894640116023993e-01
3.122000000000005571e+02 -1.611353230970461944e-02 -1.900886127409899540e-01
3.123100000000005707e+02 -3.702327971121351785e-02 -1.900886127409899540e-01
3.124200000000005844e+02 -5.793302711272241279e-02 -1.900886127409899540e-01
3.125300000000005411e+02 -7.884277451423130079e-02 -1.900886127409899540e-01
3.126400000000005548e+02 -9.975252191574020266e-02 -1.900886127409899540e-01
3.127500000000005684e+02 -1.206622693172490907e-01 -1.900886127409899540e-01
3.127500000000005684e+02 -1.206622693172490907e-01 -1.900886127409899540e-01
3.130500000000005798e+02 -1.772560832552138588e-01 -1.870085253946426607e-01
3.133500000000005912e+02 -2.327514749742742306e-01 -1.827695818011808582e-01
3.136500000000005457e+02 -2.868045500918399160e-01 -1.773980498874531964e-01
3.139500000000005571e+02 -3.390803519868513249e-01 -1.709272160146175779e-01
3.142500000000005684e+02 -3.892549374622237268e-01 -1.633971787088753236e-01
3.142500000000005684e+02 -3.892549374622237268e-01 -1.633971787088753236e-01
3.143600000000005821e+02 -4.072286271202000263e-01 -1.633971787088753236e-01
3.144700000000005957e+02 -4.252023167781763258e-01 -1.633971787088753236e-01
3.145800000000005525e+02 -4.431760064361526252e-01 -1.633971787088753236e-01
3.146900000000005662e+02 -4.611496960941289247e-01 -1.633971787088753236e-01
3.148000000000005798e+02 -4.791233857521052242e-01 -1.633971787088753236e-01
3.148000000000005798e+02 -4.791233857521052242e-01 -1.633971787088753236e-01
3.152000000000005571e+02 -5.444233470366415251e-01 -1.630962278193227866e-01
3.153100000000005707e+02 -5.623639320967670496e-01 -1.630962278193227866e-01
3.154200000000005844e+02 -5.803045171568925742e-01 -1.630962278193227866e-01
3.155300000000005411e+02 -5.982451022170180988e-01 -1.630962278193227866e-01
3.156400000000005548e+02 -6.161856872771436233e-01 -1.630962278193227866e-01
3.157500000000005684e+02 -6.341262723372691479e-01 -1.630962278193227866e-01
3.157500000000005684e+02 -6.341262723372691479e-01 -1.630962278193227866e-01
3.160500000000005798e+02 -6.810398164998771042e-01 -1.494991251447169434e-01
3.163500000000005912e+02 -7.237330865107333144e-01 -1.349756048388935092e-01
3.166500000000005457e+02 -7.619415202994300751e-01 -1.196156663936005504e-01
3.169500000000005571e+02 -7.954283474722378955e-01 -1.035144924246500509e-01
3.172500000000005684e+02 -8.239860565331846853e-01 -8.677185884330210208e-02
3.172500000000005684e+02 -8.239860565331846853e-01 -8.677185884330210208e-02
3.173600000000005821e+02 -8.335309610059479235e-01 -8.677185884330208820e-02
3.174700000000005957e+02 -8.430758654787111617e-01 -8.677185884330208820e-02
3.175800000000005525e+02 -8.526207699514743998e-01 -8.677185884330208820e-02
3.176900000000005662e+02 -8.621656744242376380e-01 -8.677185884330208820e-02
3.178000000000005798e+02 -8.717105788970008762e-01 -8.677185884330208820e-02
3.178000000000005798e+02 -8.717105788970008762e-01 -8.677185884330208820e-02
3.180000000000005684e+02 -8.890907510632203303e-01 -8.703071450946582577e-02
3.180000000000005684e+02 -8.890907510632203303e-01 -8.703071450946582577e-02
3.182000000000005571e+02 -9.065232058874174159e-01 -8.729468798511616501e-02
3.183100000000005707e+02 -9.161256215657801460e-01 -8.729468798511616501e-02
3.184200000000005844e+02 -9.257280372441428762e-01 -8.729468798511616501e-02
3.185300000000005411e+02 -9.353304529225056063e-01 -8.729468798511616501e-02
3.186400000000005548e+02 -9.449328686008683365e-01 -8.729468798511616501e-02
3.187500000000005684e+02 -9.545352842792310666e-01 -8.729468798511616501e-02
3.187500000000005684e+02 -9.545352842792310666e-01 -8.729468798511616501e-02
3.190500000000005798e+02 -9.777391008933199457e-01 -6.731749009831398955e-02
3.193500000000005912e+02 -9.948840543474468667e-01 -4.692313853481847041e-02
3.196500000000005457e+02 -1.005863900627467666e+00 -2.623801321055442212e-02
3.199500000000005571e+02 -1.010610599715276114e+00 -5.390295911106068004e-03
3.202500000000005684e+02 -1.009094737219847771e+00 1.549082402641143927e-02
3.202500000000005684e+02 -1.009094737219847771e+00 1.549082402641143927e-02
3.203600000000005821e+02 -1.007390746576942497e+00 1.549082402641143927e-02
3.204700000000005957e+02 -1.005686755934037224e+00 1.549082402641143927e-02
3.205800000000005525e+02 -1.003982765291131951e+00 1.549082402641143927e-02
3.206900000000005662e+02 -1.002278774648226678e+00 1.549082402641143927e-02
3.208000000000005798e+02 -1.000574784005321405e+00 1.549082402641143927e-02
3.208000000000005798e+02 -1.000574784005321405e+00 1.549082402641143927e-02
3.212000000000005571e+02 -9.942610233173395651e-01 1.607736061677240980e-02
3.213100000000005707e+02 -9.924925136494946454e-01 1.607736061677240980e-02
3.214200000000005844e+02 -9.907240039816497257e-01 1.607736061677240980e-02
3.215300000000005411e+02 -9.889554943138048060e-01 1.607736061677240980e-02
3.216400000000005548e+02 -9.871869846459598863e-01 1.607736061677240980e-02
3.217500000000005684e+02 -9.854184749781149666e-01 1.607736061677240980e-02
3.217500000000005684e+02 -9.854184749781149666e-01 1.607736061677240980e-02
3.220500000000005798e+02 -9.775470238500781894e-01 3.637186460439978397e-02
3.223500000000005912e+02 -9.636178998269642193e-01 5.644097906806200965e-02
3.226500000000005457e+02 -9.437174190398527340e-01 7.616033952425391162e-02
3.229500000000005571e+02 -9.179689009814384626e-01 9.540774884852663840e-02
3.232500000000005684e+02 -8.865319043185923009e-01 1.140639345077695543e-01
3.232500000000005684e+02 -8.865319043185923009e-01 1.140639345077695543e-01
3.233600000000005821e+02 -8.739848715227376275e-01 1.140639345077695682e-01
3.234700000000005957e+02 -8.614378387268829540e-01 1.140639345077695821e-01
3.235800000000005525e+02 -8.488908059310282805e-01 1.140639345077695960e-01
3.236900000000005662e+02 -8.363437731351736071e-01 1.140639345077696098e-01
3.238000000000005798e+02 -8.237967403393189336e-01 1.140639345077696237e-01
3.238000000000005798e+02 -8.237967403393189336e-01 1.140639345077696237e-01
3.240000000000005684e+02 -8.010079513889872826e-01 1.138250717276780150e-01
3.240000000000005684e+02 -8.010079513889872826e-01 1.138250717276780150e-01
3.242000000000005571e+02 -7.782662654196615959e-01 1.135929023894957923e-01
3.243100000000005707e+02 -7.657710461568170146e-01 1.135929023894957784e-01
3.244200000000005844e+02 -7.532758268939724333e-01 1.135929023894957646e-01
3.245300000000005411e+02 -7.407806076311278520e-01 1.135929023894957507e-01
3.246400000000005548e+02 -7.282853883682832707e-01 1.135929023894957368e-01
3.247500000000005684e+02 -7.157901691054386895e-01 1.135929023894957229e-01
3.247500000000005684e+02 -7.157901691054386895e-01 1.135929023894957229e-01
3.250500000000005798e+02 -6.795296936068437876e-01 1.280186905832875199e-01
3.253500000000005912e+02 -6.390583019007114451e-01 1.416511713114617377e-01
3.256500000000005457e+02 -5.946267875003802272e-01 1.544058666849960626e-01
3.259500000000005571e+02 -5.465104840459749092e-01 1.662037382836751287e-01
3.262500000000005684e+02 -4.950075591142314990e-01 1.769716769421509073e-01
3.262500000000005684e+02 -4.950075591142314990e-01 1.769716769421509073e-01
3.263600000000005821e+02 -4.755406746505949078e-01 1.769716769421509073e-01
3.264700000000005957e+02 -4.560737901869583166e-01 1.769716769421509073e-01
3.265800000000005525e+02 -4.366069057233217254e-01 1.769716769421509073e-01
3.266900000000005662e+02 -4.171400212596851342e-01 1.769716769421509073e-01
3.268000000000005798e+02 -3.976731367960485430e-01 1.769716769421509073e-01
3.268000000000005798e+02 -3.976731367960485430e-01 1.769716769421509073e-01
3.272000000000005571e+02 -3.268404722054640277e-01 1.771847038691460596e-01
3.273100000000005707e+02 -3.073501547798579425e-01 1.771847038691460596e-01
3.274200000000005844e+02 -2.878598373542518574e-01 1.771847038691460596e-01
3.275300000000005411e+02 -2.683695199286457722e-01 1.771847038691460596e-01
3.276400000000005548e+02 -2.488792025030397148e-01 1.771847038691460596e-01
3.277500000000005684e+02 -2.293888850774336574e-01 1.771847038691460596e-01
3.277500000000005684e+02 -2.293888850774336574e-01 1.771847038691460596e-01
3.280500000000005798e+02 -1.755776446238634936e-01 1.813715298000062315e-01
3.283500000000005912e+02 -1.206783829162052929e-01 1.844344308728184112e-01
3.286500000000005457e+02 -6.503130023280347116e-02 1.863544268724706965e-01
3.289500000000005571e+02 -8.981230956286207975e-03 1.871196199490919865e-01
3.292500000000005684e+02 4.712449329948089488e-02 1.867252683467903740e-01
3.292500000000005684e+02 4.712449329948089488e-02 1.867252683467903740e-01
3.293600000000005821e+02 6.766427281762783796e-02 1.867252683467903740e-01
3.294700000000005957e+02 8.820405233577477411e-02 1.867252683467903740e-01
3.295800000000005525e+02 1.087438318539217103e-01 1.867252683467903740e-01
3.296900000000005662e+02 1.292836113720686464e-01 1.867252683467903740e-01
3.298000000000005798e+02 1.498233908902155964e-01 1.867252683467903740e-01
3.298000000000005798e+02 1.498233908902155964e-01 1.867252683467903740e-01
3.300000000000005684e+02 1.871732157242194106e-01 1.867748102681961453e-01
3.300000000000005684e+02 1.871732157242194106e-01 1.867748102681961453e-01
3.302000000000005571e+02 2.245340472110407826e-01 1.868353354143316991e-01
3.303100000000005707e+02 2.450859341066172759e-01 1.868353354143317269e-01
3.304200000000005844e+02 2.656378210021937969e-01 1.868353354143317546e-01
3.305300000000005411e+02 2.861897078977702624e-01 1.868353354143317546e-01
3.306400000000005548e+02 3.067415947933467835e-01 1.868353354143317546e-01
3.307500000000005684e+02 3.272934816889232490e-01 1.868353354143317546e-01
3.307500000000005684e+02 3.272934816889232490e-01 1.868353354143317546e-01
3.310500000000005798e+02 3.822720934820744709e-01 1.794993524827040721e-01
3.313500000000005912e+02 4.348818378522464334e-01 1.710510462196177528e-01
3.316500000000005457e+02 4.847967022243760971e-01 1.615427691714187430e-01
3.319500000000005571e+02 5.317073736819593055e-01 1.510334423216921629e-01
3.322500000000005684e+02 5.753231557203301039e-01 1.395881899691786554e-01
3.322500000000005684e+02 5.753231557203301039e-01 1.395881899691786554e-01
3.323600000000005821e+02 5.906778566169397227e-01 1.395881899691786832e-01
3.324700000000005957e+02 6.060325575135493414e-01 1.395881899691787109e-01
3.325800000000005525e+02 6.213872584101589602e-01 1.395881899691787387e-01
3.326900000000005662e+02 6.367419593067685790e-01 1.395881899691787664e-01
3.328000000000005798e+02 6.520966602033781978e-01 1.395881899691787942e-01
3.328000000000005798e+02 6.520966602033781978e-01 1.395881899691787942e-01
3.332000000000005571e+02 7.078530565777544359e-01 1.391883273504032903e-01
3.333100000000005707e+02 7.231637725862988253e-01 1.391883273504032903e-01
3.334200000000005844e+02 7.384744885948432147e-01 1.391883273504032903e-01
3.335300000000005411e+02 7.537852046033876041e-01 1.391883273504032903e-01
3.336400000000005548e+02 7.690959206119319935e-01 1.391883273504032903e-01
3.337500000000005684e+02 7.844066366204763829e-01 1.391883273504032903e-01
3.337500000000005684e+02 7.844066366204763829e-01 1.391883273504032903e-01
3.340500000000005798e+02 8.236895903984131628e-01 1.225627089627215061e-01
3.343500000000005912e+02 8.578682965197421684e-01 1.051775927893419810e-01
3.346500000000005457e+02 8.867309560462965923e-01 8.714071108707130420e-02
3.349500000000005571e+02 9.100987125690954693e-01 6.856383497969770202e-02
3.352500000000005684e+02 9.278267605474829205e-01 4.956208183356474589e-02
3.352500000000005684e+02 9.278267605474829205e-01 4.956208183356474589e-02
3.353600000000005821e+02 9.332785895491750860e-01 4.956208183356473895e-02
3.354700000000005957e+02 9.387304185508672516e-01 4.956208183356473201e-02
3.355800000000005525e+02 9.441822475525594172e-01 4.956208183356472508e-02
3.356900000000005662e+02 9.496340765542515827e-01 4.956208183356471814e-02
3.358000000000005798e+02 9.550859055559437483e-01 4.956208183356471120e-02
3.358000000000005798e+02 9.550859055559437483e-01 4.956208183356471120e-02
3.360000000000005684e+02 9.650265008113129150e-01 4.984435784483434717e-02
3.360000000000005684e+02 9.650265008113129150e-01 4.984435784483434717e-02
3.362000000000005571e+02 9.750238440987822885e-01 5.012956493542316400e-02
3.363100000000005707e+02 9.805380962416788693e-01 5.012956493542316400e-02
3.364200000000005844e+02 9.860523483845754500e-01 5.012956493542316400e-02
3.365300000000005411e+02 9.915666005274720307e-01 5.012956493542316400e-02
3.366400000000005548e+02 9.970808526703686114e-01 5.012956493542316400e-02
3.367500000000005684e+02 1.002595104813265081e+00 5.012956493542316400e-02
3.367500000000005684e+02 1.002595104813265081e+00 5.012956493542316400e-02
3.370500000000005798e+02 1.014511993371165266e+00 2.927530739904974158e-02
3.373500000000005912e+02 1.020142144151714225e+00 8.239636353355277165e-03
3.376500000000005457e+02 1.019450668181854036e+00 -1.284709415094324042e-02
3.379500000000005571e+02 1.012441850406595067e+00 -3.385421365738738864e-02
3.382500000000005684e+02 9.991591231360227310e-01 -5.465154504371253635e-02
3.382500000000005684e+02 9.991591231360227310e-01 -5.465154504371253635e-02
3.383600000000005821e+02 9.931474531812143347e-01 -5.465154504371253635e-02
3.384700000000005957e+02 9.871357832264059384e-01 -5.465154504371253635e-02
3.385800000000005525e+02 9.811241132715975422e-01 -5.465154504371253635e-02
3.386900000000005662e+02 9.751124433167891459e-01 -5.465154504371253635e-02
3.388000000000005798e+02 9.691007733619807496e-01 -5.465154504371253635e-02
3.388000000000005798e+02 9.691007733619807496e-01 -5.465154504371253635e-02
3.392000000000005571e+02 9.471270398901479037e-01 -5.521496872189898125e-02
3.393100000000005707e+02 9.410533933307390075e-01 -5.521496872189898125e-02
3.394200000000005844e+02 9.349797467713301113e-01 -5.521496872189898125e-02
3.395300000000005411e+02 9.289061002119212151e-01 -5.521496872189898125e-02
3.396400000000005548e+02 9.228324536525123190e-01 -5.521496872189898125e-02
3.397500000000005684e+02 9.167588070931034228e-01 -5.521496872189898125e-02
3.397500000000005684e+02 9.167588070931034228e-01 -5.521496872189898125e-02
3.400500000000005798e+02 8.973709379042403844e-01 -7.397070506361480557e-02
3.403500000000005912e+02 8.724222317686690653e-01 -9.226805902150803096e-02
3.406500000000005457e+02 8.420672910709670056e-01 -1.099936453748003584e-01
3.409500000000005571e+02 8.064942196025719490e-01 -1.270376220377560372e-01
3.412500000000005684e+02 7.659234569183807073e-01 -1.432943707301924663e-01
3.412500000000005684e+02 7.659234569183807073e-01 -1.432943707301924663e-01
3.413600000000005821e+02 7.501610761380594905e-01 -1.432943707301924663e-01
3.414700000000005957e+02 7.343986953577382737e-01 -1.432943707301924663e-01
3.415800000000005525e+02 7.186363145774170569e-01 -1.432943707301924663e-01
3.416900000000005662e+02 7.028739337970958401e-01 -1.432943707301924663e-01
3.418000000000005798e+02 6.871115530167746233e-01 -1.432943707301924663e-01
3.418000000000005798e+02 6.871115530167746233e-01 -1.432943707301924663e-01
3.420000000000005684e+02 6.584726006645559293e-01 -1.430965562030484806e-01
3.420000000000005684e+02 6.584726006645559293e-01 -1.430965562030484806e-01
3.422000000000005571e+02 6.298723695539282241e-01 -1.429071564168033215e-01
3.423100000000005707e+02 6.141525823480799007e-01 -1.429071564168033215e-01
3.424200000000005844e+02 5.984327951422315772e-01 -1.429071564168033215e-01
3.425300000000005411e+02 5.827130079363832538e-01 -1.429071564168033215e-01
3.426400000000005548e+02 5.669932207305349303e-01 -1.429071564168033215e-01
3.427500000000005684e+02 5.512734335246866069e-01 -1.429071564168033215e-01
3.427500000000005684e+02 5.512734335246866069e-01 -1.429071564168033215e-01
3.430500000000005798e+02 5.067375058908594188e-01 -1.538456101194919656e-01
3.433500000000005912e+02 4.590614223571531372e-01 -1.638307118506521221e-01
3.436500000000005457e+02 4.085406225412230308e-01 -1.728005858348775625e-01
3.439500000000005571e+02 3.554881742262160915e-01 -1.806996474698959465e-01
3.442500000000005684e+02 3.002328333393006754e-01 -1.874789477738170729e-01
3.442500000000005684e+02 3.002328333393006754e-01 -1.874789477738170729e-01
3.443600000000005821e+02 2.796101490841808035e-01 -1.874789477738171006e-01
3.444700000000005957e+02 2.589874648290609316e-01 -1.874789477738171284e-01
3.445800000000005525e+02 2.383647805739410597e-01 -1.874789477738171561e-01
3.446900000000005662e+02 2.177420963188211600e-01 -1.874789477738171839e-01
3.448000000000005798e+02 1.971194120637012603e-01 -1.874789477738171839e-01
3.448000000000005798e+02 1.971194120637012603e-01 -1.874789477738171839e-01
3.452000000000005571e+02 1.221075903043423727e-01 -1.875728092920598278e-01
3.453100000000005707e+02 1.014745812822157867e-01 -1.875728092920598000e-01
3.454200000000005844e+02 8.084157226008920061e-02 -1.875728092920597723e-01
3.455300000000005411e+02 6.020856323796262843e-02 -1.875728092920597445e-01
3.456400000000005548e+02 3.957555421583605626e-02 -1.875728092920597168e-01
3.457500000000005684e+02 1.894254519370949449e-02 -1.875728092920596890e-01
3.457500000000005684e+02 1.894254519370949449e-02 -1.875728092920596890e-01
3.460500000000005798e+02 -3.732985960394032132e-02 -1.873827084340216054e-01
3.463500000000005912e+02 -9.337093836490488463e-02 -1.860314325877819031e-01
3.466500000000005457e+02 -1.488334151878329126e-01 -1.835273553526280965e-01
3.469500000000005571e+02 -2.033735996574827787e-01 -1.798859940187174655e-01
3.472500000000005684e+02 -2.566535166288336778e-01 -1.751299134093179666e-01
3.472500000000005684e+02 -2.566535166288336778e-01 -1.751299134093179666e-01
3.473600000000005821e+02 -2.759178071038586588e-01 -1.751299134093179388e-01
3.474700000000005957e+02 -2.951820975788836399e-01 -1.751299134093179111e-01
3.475800000000005525e+02 -3.144463880539086209e-01 -1.751299134093179111e-01
3.476900000000005662e+02 -3.337106785289336019e-01 -1.751299134093179111e-01
3.478000000000005798e+02 -3.529749690039585830e-01 -1.751299134093179111e-01
3.478000000000005798e+02 -3.529749690039585830e-01 -1.751299134093179111e-01
3.480000000000005684e+02 -3.880116732491257214e-01 -1.752388459661232689e-01
3.480000000000005684e+02 -3.880116732491257214e-01 -1.752388459661232689e-01
3.482000000000005571e+02 -4.230711943794978058e-01 -1.753580833794768368e-01
3.483100000000005707e+02 -4.423605835512402495e-01 -1.753580833794768645e-01
3.484200000000005844e+02 -4.616499727229826933e-01 -1.753580833794768923e-01
3.485300000000005411e+02 -4.809393618947251370e-01 -1.753580833794769200e-01
3.486400000000005548e+02 -5.002287510664675807e-01 -1.753580833794769478e-01
3.487500000000005684e+02 -5.195181402382100799e-01 -1.753580833794769755e-01
3.487500000000005684e+02 -5.195181402382100799e-01 -1.753580833794769755e-01
3.490500000000005798e+02 -5.704615434574857868e-01 -1.640891145410643404e-01
3.493500000000005912e+02 -6.178699050417587602e-01 -1.518033166834011349e-01
3.496500000000005457e+02 -6.614494443953514713e-01 -1.385768225580074620e-01
3.499500000000005571e+02 -7.009301074053830849e-01 -1.244915942322084301e-01
3.502500000000005684e+02 -7.360672399157288659e-01 -1.096349151857291260e-01
3.502500000000005684e+02 -7.360672399157288659e-01 -1.096349151857291260e-01
3.503600000000005821e+02 -7.481270805861590656e-01 -1.096349151857291399e-01
3.504700000000005957e+02 -7.601869212565892653e-01 -1.096349151857291399e-01
3.505800000000005525e+02 -7.722467619270194650e-01 -1.096349151857291399e-01
3.506900000000005662e+02 -7.843066025974496647e-01 -1.096349151857291399e-01
3.508000000000005798e+02 -7.963664432678798644e-01 -1.096349151857291399e-01
3.508000000000005798e+02 -7.963664432678798644e-01 -1.096349151857291399e-01
3.512000000000005571e+02 -8.401250323770036443e-01 -1.091537416842529307e-01
3.513100000000005707e+02 -8.521319439622714320e-01 -1.091537416842529168e-01
3.514200000000005844e+02 -8.641388555475392197e-01 -1.091537416842529029e-01
3.515300000000005411e+02 -8.761457671328070074e-01 -1.091537416842528890e-01
3.516400000000005548e+02 -8.881526787180747951e-01 -1.091537416842528752e-01
3.517500000000005684e+02 -9.001595903033425827e-01 -1.091537416842528613e-01
3.517500000000005684e+02 -9.001595903033425827e-01 -1.091537416842528613e-01
3.520500000000005798e+02 -9.300828267216939560e-01 -9.023142132110974212e-02
3.523500000000005912e+02 -9.542425168428898541e-01 -7.074995400964900760e-02
3.526500000000005457e+02 -9.724889476644552611e-01 -5.083006269579073283e-02
3.529500000000005571e+02 -9.847090495265968801e-01 -3.059518715556299936e-02
3.532500000000005684e+02 -9.908270967833672227e-01 -1.017071906230365350e-02
3.532500000000005684e+02 -9.908270967833672227e-01 -1.017071906230365350e-02
3.533600000000005821e+02 -9.919458758802206511e-01 -1.017071906230365176e-02
3.534700000000005957e+02 -9.930646549770740794e-01 -1.017071906230365003e-02
3.535800000000005525e+02 -9.941834340739275078e-01 -1.017071906230364829e-02
3.536900000000005662e+02 -9.953022131707809361e-01 -1.017071906230364829e-02
3.538000000000005798e+02 -9.964209922676343645e-01 -1.017071906230364829e-02
3.538000000000005798e+02 -9.964209922676343645e-01 -1.017071906230364829e-02
3.540000000000005684e+02 -9.984844531031081827e-01 -1.046399040939353757e-02
3.540000000000005684e+02 -9.984844531031081827e-01 -1.046399040939353757e-02
3.542000000000005571e+02 -1.000606629453387741e+00 -1.075787708763044706e-02
3.543100000000005707e+02 -1.001789995933027200e+00 -1.075787708763044706e-02
3.544200000000005844e+02 -1.002973362412666658e+00 -1.075787708763044706e-02
3.545300000000005411e+02 -1.004156728892306116e+00 -1.075787708763044706e-02
3.546400000000005548e+02 -1.005340095371945575e+00 -1.075787708763044706e-02
3.547500000000005684e+02 -1.006523461851585033e+00 -1.075787708763044706e-02
3.547500000000005684e+02 -1.006523461851585033e+00 -1.075787708763044706e-02
3.550500000000005798e+02 -1.006628873879183983e+00 1.005549336109458000e-02
3.553500000000005912e+02 -1.000496398320892544e+00 3.080655183086606491e-02
3.556500000000005457e+02 -9.881640369608314378e-01 5.136670796094225389e-02
3.559500000000005571e+02 -9.697082110956956047e-01 7.160855437604649043e-02
3.562500000000005684e+02 -9.452432879665223497e-01 9.140665620565881222e-02
3.562500000000005684e+02 -9.452432879665223497e-01 9.140665620565881222e-02
3.563600000000005821e+02 -9.351885557838999219e-01 9.140665620565882610e-02
3.564700000000005957e+02 -9.251338236012774940e-01 9.140665620565883998e-02
3.565800000000005525e+02 -9.150790914186550662e-01 9.140665620565885385e-02
3.566900000000005662e+02 -9.050243592360326383e-01 9.140665620565885385e-02
3.568000000000005798e+02 -8.949696270534102105e-01 9.140665620565885385e-02
3.568000000000005798e+02 -8.949696270534102105e-01 9.140665620565885385e-02
3.572000000000005571e+02 -8.583031437693092736e-01 9.192216661969702940e-02
3.573100000000005707e+02 -8.481917054411426404e-01 9.192216661969701552e-02
3.574200000000005844e+02 -8.380802671129760073e-01 9.192216661969700164e-02
3.575300000000005411e+02 -8.279688287848093742e-01 9.192216661969698777e-02
3.576400000000005548e+02 -8.178573904566427411e-01 9.192216661969697389e-02
3.577500000000005684e+02 -8.077459521284761079e-01 9.192216661969697389e-02
3.577500000000005684e+02 -8.077459521284761079e-01 9.192216661969697389e-02
3.580500000000005798e+02 -7.776950652567229394e-01 1.083135596771300918e-01
3.583500000000005912e+02 -7.428249500486316936e-01 1.240337542156011719e-01
3.586500000000005457e+02 -7.033516899729156391e-01 1.389853351808594539e-01
3.589500000000005571e+02 -6.595198933111272588e-01 1.530756504707102006e-01
3.592500000000005684e+02 -6.116011773666825135e-01 1.662173850824548715e-01
3.592500000000005684e+02 -6.116011773666825135e-01 1.662173850824548715e-01
3.593600000000005821e+02 -5.933172650076125043e-01 1.662173850824548993e-01
3.594700000000005957e+02 -5.750333526485424951e-01 1.662173850824549270e-01
3.595800000000005525e+02 -5.567494402894724859e-01 1.662173850824549270e-01
3.596900000000005662e+02 -5.384655279304024766e-01 1.662173850824549270e-01
3.598000000000005798e+02 -5.201816155713324674e-01 1.662173850824549270e-01
3.598000000000005798e+02 -5.201816155713324674e-01 1.662173850824549270e-01
3.600000000000005684e+02 -4.869531072889952128e-01 1.660693260566200591e-01
3.600000000000005684e+02 -4.869531072889952128e-01 1.660693260566200591e-01
3.602000000000005571e+02 -4.537532341068759578e-01 1.659310326770529198e-01
3.603100000000005707e+02 -4.355008205124001330e-01 1.659310326770529476e-01
3.604200000000005844e+02 -4.172484069179243082e-01 1.659310326770529476e-01
3.605300000000005411e+02 -3.989959933234484835e-01 1.659310326770529476e-01
3.606400000000005548e+02 -3.807435797289726587e-01 1.659310326770529476e-01
3.607500000000005684e+02 -3.624911661344968339e-01 1.659310326770529476e-01
3.607500000000005684e+02 -3.624911661344968339e-01 1.659310326770529476e-01
3.610500000000005798e+02 -3.116401347206034234e-01 1.729006714106700870e-01
3.613500000000005912e+02 -2.588579286920301703e-01 1.787988775838107169e-01
3.616500000000005457e+02 -2.044716293359195580e-01 1.835891011351597768e-01
3.619500000000005571e+02 -1.488182582005297128e-01 1.872416579608792708e-01
3.622500000000005684e+02 -9.224268863682955066e-02 1.897339138613317600e-01
3.622500000000005684e+02 -9.224268863682955066e-02 1.897339138613317600e-01
3.623600000000005821e+02 -7.137195811208305041e-02 1.897339138613317877e-01
3.624700000000005957e+02 -5.050122758733654321e-02 1.897339138613318155e-01
3.625800000000005525e+02 -2.963049706259004296e-02 1.897339138613318432e-01
3.626900000000005662e+02 -8.759766537843535761e-03 1.897339138613318432e-01
3.628000000000005798e+02 1.211096398690296450e-02 1.897339138613318432e-01
3.628000000000005798e+02 1.211096398690296450e-02 1.897339138613318432e-01
3.632000000000005571e+02 8.800012999191791918e-02 1.897044784463948752e-01
3.633100000000005707e+02 1.088676226210213566e-01 1.897044784463948752e-01
3.634200000000005844e+02 1.297351152501247940e-01 1.897044784463948752e-01
3.635300000000005411e+02 1.506026078792282175e-01 1.897044784463948752e-01
3.636400000000005548e+02 1.714701005083316687e-01 1.897044784463948752e-01
3.637500000000005684e+02 1.923375931374350922e-01 1.897044784463948752e-01
3.637500000000005684e+02 1.923375931374350922e-01 1.897044784463948752e-01
3.640500000000005798e+02 2.485942066604636957e-01 1.851458185134516043e-01
3.643500000000005912e+02 3.033103291883609831e-01 1.794398451734989797e-01
3.646500000000005457e+02 3.561468953214335098e-01 1.726219172575627347e-01
3.649500000000005571e+02 4.067764869133152494e-01 1.647342841676013303e-01
3.652500000000005684e+02 4.548853620189214908e-01 1.558258240649832427e-01
3.652500000000005684e+02 4.548853620189214908e-01 1.558258240649832427e-01
3.653600000000005821e+02 4.720262026660696497e-01 1.558258240649832427e-01
3.654700000000005957e+02 4.891670433132178086e-01 1.558258240649832427e-01
3.655800000000005525e+02 5.063078839603659675e-01 1.558258240649832427e-01
3.656900000000005662e+02 5.234487246075141265e-01 1.558258240649832427e-01
3.658000000000005798e+02 5.405895652546622854e-01 1.558258240649832427e-01
3.658000000000005798e+02 5.405895652546622854e-01 1.558258240649832427e-01
3.660000000000005684e+02 5.717709300960577279e-01 1.559893523473276644e-01
3.660000000000005684e+02 5.717709300960577279e-01 1.559893523473276644e-01
3.662000000000005571e+02 6.029859177188667818e-01 1.561620535267551069e-01
3.663100000000005707e+02 6.201637436068098141e-01 1.561620535267551069e-01
3.664200000000005844e+02 6.373415694947528465e-01 1.561620535267551069e-01
3.665300000000005411e+02 6.545193953826958788e-01 1.561620535267551069e-01
3.666400000000005548e+02 6.716972212706389112e-01 1.561620535267551069e-01
3.667500000000005684e+02 6.888750471585819435e-01 1.561620535267551069e-01
3.667500000000005684e+02 6.888750471585819435e-01 1.561620535267551069e-01
3.670500000000005798e+02 7.335408540955998813e-01 1.414561276216380337e-01
3.673500000000005912e+02 7.736610479409979924e-01 1.258736250105134402e-01
3.676500000000005457e+02 8.089870114877548701e-01 1.095111074969553067e-01
3.679500000000005571e+02 8.392998364617423324e-01 9.246997048847173384e-02
3.682500000000005684e+02 8.644116800546483015e-01 7.485581466843735376e-02
3.682500000000005684e+02 8.644116800546483015e-01 7.485581466843735376e-02
3.683600000000005821e+02 8.726458196681764479e-01 7.485581466843735376e-02
3.684700000000005957e+02 8.808799592817045943e-01 7.485581466843735376e-02
3.685800000000005525e+02 8.891140988952327406e-01 7.485581466843735376e-02
3.686900000000005662e+02 8.973482385087608870e-01 7.485581466843735376e-02
3.688000000000005798e+02 9.055823781222890334e-01 7.485581466843735376e-02
3.688000000000005798e+02 9.055823781222890334e-01 7.485581466843735376e-02
3.692000000000005571e+02 9.354170279028326540e-01 7.431451021094628850e-02
3.693100000000005707e+02 9.435916240260366905e-01 7.431451021094628850e-02
3.694200000000005844e+02 9.517662201492407270e-01 7.431451021094628850e-02
3.695300000000005411e+02 9.599408162724447635e-01 7.431451021094628850e-02
3.696400000000005548e+02 9.681154123956488000e-01 7.431451021094628850e-02
3.697500000000005684e+02 9.762900085188528365e-01 7.431451021094628850e-02
3.697500000000005684e+02 9.762900085188528365e-01 7.431451021094628850e-02
3.700500000000005798e+02 9.955363894733658681e-01 5.392839607860969858e-02
3.703500000000005912e+02 1.008613620857127469e+00 3.320809793748707300e-02
3.706500000000005457e+02 1.015440665555640276e+00 1.228201553242390040e-02
3.709500000000005571e+02 1.015975217671987396e+00 -8.720176185818205930e-03
3.712500000000005684e+02 1.010213964688420729e+00 -2.966833063155104380e-02
3.712500000000005684e+02 1.010213964688420729e+00 -2.966833063155104380e-02
3.713600000000005821e+02 1.006950448318950198e+00 -2.966833063155104033e-02
3.714700000000005957e+02 1.003686931949479666e+00 -2.966833063155103686e-02
3.715800000000005525e+02 1.000423415580009134e+00 -2.966833063155103339e-02
3.716900000000005662e+02 9.971598992105384918e-01 -2.966833063155102992e-02
3.718000000000005798e+02 9.938963828410678492e-01 -2.966833063155102299e-02
3.718000000000005798e+02 9.938963828410678492e-01 -2.966833063155102299e-02
3.720000000000005684e+02 9.879918814178607622e-01 -2.937697294219805688e-02
3.720000000000005684e+02 9.879918814178607622e-01 -2.937697294219805688e-02
3.722000000000005571e+02 9.821454784976008101e-01 -2.908734275504542763e-02
3.723100000000005707e+02 9.789458707945457583e-01 -2.908734275504542416e-02
3.724200000000005844e+02 9.757462630914907065e-01 -2.908734275504542069e-02
3.725300000000005411e+02 9.725466553884357657e-01 -2.908734275504541722e-02
3.726400000000005548e+02 9.693470476853808249e-01 -2.908734275504541375e-02
3.727500000000005684e+02 9.661474399823258841e-01 -2.908734275504541028e-02
3.727500000000005684e+02 9.661474399823258841e-01 -2.908734275504541028e-02
3.730500000000005798e+02 9.544367355337043390e-01 -4.894367911542824717e-02
3.733500000000005912e+02 9.368115682491841012e-01 -6.849672080954812003e-02
3.736500000000005457e+02 9.133811579366344358e-01 -8.762530135866053449e-02
3.739500000000005571e+02 8.842906983903238149e-01 -1.062108845889571801e-01
3.742500000000005684e+02 8.497204576526077302e-01 -1.241382991776972811e-01
3.742500000000005684e+02 8.497204576526077302e-01 -1.241382991776972811e-01
3.743600000000005821e+02 8.360652447430609868e-01 -1.241382991776972811e-01
3.744700000000005957e+02 8.224100318335142434e-01 -1.241382991776972811e-01
3.745800000000005525e+02 8.087548189239675001e-01 -1.241382991776972811e-01
3.746900000000005662e+02 7.950996060144207567e-01 -1.241382991776972811e-01
3.748000000000005798e+02 7.814443931048740133e-01 -1.241382991776972811e-01
3.748000000000005798e+02 7.814443931048740133e-01 -1.241382991776972811e-01
3.752000000000005571e+02 7.316991171890132595e-01 -1.245832049849806139e-01
3.753100000000005707e+02 7.179949646406653674e-01 -1.245832049849806139e-01
3.754200000000005844e+02 7.042908120923174753e-01 -1.245832049849806139e-01
3.755300000000005411e+02 6.905866595439695832e-01 -1.245832049849806139e-01
3.756400000000005548e+02 6.768825069956216911e-01 -1.245832049849806139e-01
3.757500000000005684e+02 6.631783544472737990e-01 -1.245832049849806139e-01
3.757500000000005684e+02 6.631783544472737990e-01 -1.245832049849806139e-01
3.760500000000005798e+02 6.237872068167562567e-01 -1.378887509716984761e-01
3.763500000000005912e+02 5.805305685624265744e-01 -1.503398266066909017e-01
3.766500000000005457e+02 5.336764928404934549e-01 -1.618592749434974443e-01
3.769500000000005571e+02 4.835153254426148295e-01 -1.723757121527304537e-01
3.772500000000005684e+02 4.303579055782811857e-01 -1.818239698741275501e-01
3.772500000000005684e+02 4.303579055782811857e-01 -1.818239698741275501e-01
3.773600000000005821e+02 4.103572688921271472e-01 -1.818239698741275501e-01
3.774700000000005957e+02 3.903566322059731086e-01 -1.818239698741275501e-01
3.775800000000005525e+02 3.703559955198190701e-01 -1.818239698741275501e-01
3.776900000000005662e+02 3.503553588336650315e-01 -1.818239698741275501e-01
3.778000000000005798e+02 3.303547221475109930e-01 -1.818239698741275501e-01
3.778000000000005798e+02 3.303547221475109930e-01 -1.818239698741275501e-01
3.780000000000005684e+02 2.939992849648969120e-01 -1.817321834984114703e-01
3.780000000000005684e+02 2.939992849648969120e-01 -1.817321834984114703e-01
3.782000000000005571e+02 2.576611363032162982e-01 -1.816510838175935394e-01
3.783100000000005707e+02 2.376795170832810000e-01 -1.816510838175935116e-01
3.784200000000005844e+02 2.176978978633457018e-01 -1.816510838175934839e-01
3.785300000000005411e+02 1.977162786434104036e-01 -1.816510838175934839e-01
3.786400000000005548e+02 1.777346594234751054e-01 -1.816510838175934839e-01
3.787500000000005684e+02 1.577530402035398072e-01 -1.816510838175934839e-01
3.787500000000005684e+02 1.577530402035398072e-01 -1.816510838175934839e-01
3.790500000000005798e+02 1.028252267665892838e-01 -1.843451233619744500e-01
3.793500000000005912e+02 4.726022496538124368e-02 -1.858968112548393670e-01
3.796500000000005457e+02 -8.597639457062293197e-03 -1.862965319815877985e-01
3.799500000000005571e+02 -6.440222594378559873e-02 -1.855418085489176916e-01
3.802500000000005684e+02 -1.198077240910569857e-01 -1.836373178343498613e-01
3.802500000000005684e+02 -1.198077240910569857e-01 -1.836373178343498613e-01
3.803600000000005821e+02 -1.400078290528354863e-01 -1.836373178343498891e-01
3.804700000000005957e+02 -1.602079340146139730e-01 -1.836373178343499168e-01
3.805800000000005525e+02 -1.804080389763924597e-01 -1.836373178343499446e-01
3.806900000000005662e+02 -2.006081439381709464e-01 -1.836373178343499446e-01
3.808000000000005798e+02 -2.208082488999494331e-01 -1.836373178343499446e-01
3.808000000000005798e+02 -2.208082488999494331e-01 -1.836373178343499446e-01
3.812000000000005571e+02 -2.942343279603829576e-01 -1.834858811517851573e-01
3.813100000000005707e+02 -3.144177748870793376e-01 -1.834858811517851573e-01
3.814200000000005844e+02 -3.346012218137757177e-01 -1.834858811517851573e-01
3.815300000000005411e+02 -3.547846687404720978e-01 -1.834858811517851573e-01
3.816400000000005548e+02 -3.749681156671684779e-01 -1.834858811517851573e-01
3.817500000000005684e+02 -3.951515625938648579e-01 -1.834858811517851573e-01
3.817500000000005684e+02 -3.951515625938648579e-01 -1.834858811517851573e-01
3.820500000000005798e+02 -4.489161243117891220e-01 -1.747593217456438752e-01
3.823500000000005912e+02 -4.998988382289849541e-01 -1.649498120765760800e-01
3.826500000000005457e+02 -5.477837741685104289e-01 -1.541181398094099708e-01
3.829500000000005571e+02 -5.922741982940944450e-01 -1.423314267560788771e-01
3.832500000000005684e+02 -6.330944119132514425e-01 -1.296627129345726825e-01
3.832500000000005684e+02 -6.330944119132514425e-01 -1.296627129345726825e-01
3.833600000000005821e+02 -6.473573103360544811e-01 -1.296627129345726825e-01
3.834700000000005957e+02 -6.616202087588575198e-01 -1.296627129345726825e-01
3.835800000000005525e+02 -6.758831071816605585e-01 -1.296627129345726825e-01
3.836900000000005662e+02 -6.901460056044635971e-01 -1.296627129345726825e-01
3.838000000000005798e+02 -7.044089040272666358e-01 -1.296627129345726825e-01
3.838000000000005798e+02 -7.044089040272666358e-01 -1.296627129345726825e-01
3.840000000000005684e+02 -7.303624120272318443e-01 -1.298736388797605279e-01
3.840000000000005684e+02 -7.303624120272318443e-01 -1.298736388797605279e-01
3.842000000000005571e+02 -7.563588687229766405e-01 -1.300922019970073007e-01
3.843100000000005707e+02 -7.706690109426473922e-01 -1.300922019970073007e-01
3.844200000000005844e+02 -7.849791531623181440e-01 -1.300922019970073007e-01
3.845300000000005411e+02 -7.992892953819888957e-01 -1.300922019970073007e-01
3.846400000000005548e+02 -8.135994376016596474e-01 -1.300922019970073007e-01
3.847500000000005684e+02 -8.279095798213303992e-01 -1.300922019970073007e-01
3.847500000000005684e+02 -8.279095798213303992e-01 -1.300922019970073007e-01
3.850500000000005798e+02 -8.643317251931883494e-01 -1.125966332093046307e-01
3.853500000000005912e+02 -8.953977713326681798e-01 -9.440332451095796717e-02
3.856500000000005457e+02 -9.209152078632197869e-01 -7.562501637408231003e-02
3.859500000000005571e+02 -9.407259080862296896e-01 -5.637807440097623163e-02
3.862500000000005684e+02 -9.547071088620774360e-01 -3.678176822866105478e-02
3.862500000000005684e+02 -9.547071088620774360e-01 -3.678176822866105478e-02
3.863600000000005821e+02 -9.587531033672301861e-01 -3.678176822866105478e-02
3.864700000000005957e+02 -9.627990978723829363e-01 -3.678176822866105478e-02
3.865800000000005525e+02 -9.668450923775356864e-01 -3.678176822866105478e-02
3.866900000000005662e+02 -9.708910868826884366e-01 -3.678176822866105478e-02
3.868000000000005798e+02 -9.749370813878411868e-01 -3.678176822866105478e-02
3.868000000000005798e+02 -9.749370813878411868e-01 -3.678176822866105478e-02
3.872000000000005571e+02 -9.895345530743383522e-01 -3.620415954021228427e-02
3.873100000000005707e+02 -9.935170106237617427e-01 -3.620415954021228427e-02
3.874200000000005844e+02 -9.974994681731851331e-01 -3.620415954021228427e-02
3.875300000000005411e+02 -1.001481925722608413e+00 -3.620415954021228427e-02
3.876400000000005548e+02 -1.005464383272031803e+00 -3.620415954021228427e-02
3.877500000000005684e+02 -1.009446840821455194e+00 -3.620415954021228427e-02
3.877500000000005684e+02 -1.009446840821455194e+00 -3.620415954021228427e-02
3.880500000000005798e+02 -1.017169193854926323e+00 -1.525159199806073833e-02
3.883500000000005912e+02 -1.018588342945274672e+00 5.795486757573346803e-03
3.886500000000005457e+02 -1.013695493895626631e+00 2.680665198455143422e-02
3.889500000000005571e+02 -1.002520966760513943e+00 4.765170149006971168e-02
3.892500000000005684e+02 -9.851340079582553422e-01 6.820146246882022312e-02
3.892500000000005684e+02 -9.851340079582553422e-01 6.820146246882022312e-02
3.893600000000005821e+02 -9.776318470866851573e-01 6.820146246882022312e-02
3.894700000000005957e+02 -9.701296862151149725e-01 6.820146246882022312e-02
3.895800000000005525e+02 -9.626275253435447876e-01 6.820146246882022312e-02
3.896900000000005662e+02 -9.551253644719746028e-01 6.820146246882022312e-02
3.898000000000005798e+02 -9.476232036004044179e-01 6.820146246882022312e-02
3.898000000000005798e+02 -9.476232036004044179e-01 6.820146246882022312e-02
3.900000000000005684e+02 -9.340106397402678784e-01 6.792484319684068128e-02
3.900000000000005684e+02 -9.340106397402678784e-01 6.792484319684068128e-02
3.902000000000005571e+02 -9.204530000358113195e-01 6.765221822053996137e-02
3.903100000000005707e+02 -9.130112560315519765e-01 6.765221822053996137e-02
3.904200000000005844e+02 -9.055695120272926335e-01 6.765221822053996137e-02
3.905300000000005411e+02 -8.981277680230332905e-01 6.765221822053996137e-02
3.906400000000005548e+02 -8.906860240187739475e-01 6.765221822053996137e-02
3.907500000000005684e+02 -8.832442800145146045e-01 6.765221822053996137e-02
3.907500000000005684e+02 -8.832442800145146045e-01 6.765221822053996137e-02
3.910500000000005798e+02 -8.602329319095779470e-01 8.567749948547358219e-02
3.913500000000005912e+02 -8.318908840143037775e-01 1.031718535891599092e-01
3.916500000000005457e+02 -7.983937666064583327e-01 1.200268713481268124e-01
3.919500000000005571e+02 -7.599491549486462327e-01 1.361381054245658084e-01
3.922500000000005684e+02 -7.167952829839091544e-01 1.514057175666158328e-01
3.922500000000005684e+02 -7.167952829839091544e-01 1.514057175666158328e-01
3.923600000000005821e+02 -7.001406540515814347e-01 1.514057175666158328e-01
3.924700000000005957e+02 -6.834860251192537151e-01 1.514057175666158328e-01
3.925800000000005525e+02 -6.668313961869259954e-01 1.514057175666158328e-01
3.926900000000005662e+02 -6.501767672545982757e-01 1.514057175666158328e-01
3.928000000000005798e+02 -6.335221383222705560e-01 1.514057175666158328e-01
3.928000000000005798e+02 -6.335221383222705560e-01 1.514057175666158328e-01
3.932000000000005571e+02 -5.728877192329886459e-01 1.517604352440461435e-01
3.933100000000005707e+02 -5.561940713561435157e-01 1.517604352440461435e-01
3.934200000000005844e+02 -5.395004234792983855e-01 1.517604352440461435e-01
3.935300000000005411e+02 -5.228067756024532553e-01 1.517604352440461435e-01
3.936400000000005548e+02 -5.061131277256081251e-01 1.517604352440461435e-01
3.937500000000005684e+02 -4.894194798487630504e-01 1.517604352440461435e-01
3.937500000000005684e+02 -4.894194798487630504e-01 1.517604352440461435e-01
3.940500000000005798e+02 -4.424219608285612781e-01 1.613944608267331715e-01
3.943500000000005912e+02 -3.926828371030023357e-01 1.700283556464964319e-01
3.946500000000005457e+02 -3.405103325572431672e-01 1.776086171000253178e-01
3.949500000000005571e+02 -2.862277502743513780e-01 1.840882717494891352e-01
3.952500000000005684e+02 -2.301714690876192904e-01 1.894271664080122985e-01
3.952500000000005684e+02 -2.301714690876192904e-01 1.894271664080122985e-01
3.953600000000005821e+02 -2.093344807827379195e-01 1.894271664080122985e-01
3.954700000000005957e+02 -1.884974924778565764e-01 1.894271664080122985e-01
3.955800000000005525e+02 -1.676605041729752332e-01 1.894271664080122985e-01
3.956900000000005662e+02 -1.468235158680938901e-01 1.894271664080122985e-01
3.958000000000005798e+02 -1.259865275632125470e-01 1.894271664080122985e-01
3.958000000000005798e+02 -1.259865275632125470e-01 1.894271664080122985e-01
3.960000000000005684e+02 -8.810442727176542865e-02 1.893956928648075633e-01
3.960000000000005684e+02 -8.810442727176542865e-02 1.893956928648075633e-01
3.962000000000005571e+02 -5.022750792909308482e-02 1.893753566663796684e-01
3.963100000000005707e+02 -2.939621869579132213e-02 1.893753566663796684e-01
3.964200000000005844e+02 -8.564929462489559442e-03 1.893753566663796684e-01
3.965300000000005411e+02 1.226635977081219978e-02 1.893753566663796684e-01
3.966400000000005548e+02 3.309764900411396593e-02 1.893753566663796684e-01
3.967500000000005684e+02 5.392893823741572168e-02 1.893753566663796684e-01
3.967500000000005684e+02 5.392893823741572168e-02 1.893753566663796684e-01
3.970500000000005798e+02 1.105157632714913324e-01 1.876752128520755014e-01
3.973500000000005912e+02 1.664177431499722637e-01 1.848120814553524116e-01
3.976500000000005457e+02 2.212884639408144172e-01 1.808037047566707911e-01
3.979500000000005571e+02 2.747879022283085115e-01 1.756749219036956577e-01
3.982500000000005684e+02 3.265845321734833773e-01 1.694575149878390086e-01
3.982500000000005684e+02 3.265845321734833773e-01 1.694575149878390086e-01
3.983600000000005821e+02 3.452248588221456527e-01 1.694575149878390086e-01
3.984700000000005957e+02 3.638651854708079281e-01 1.694575149878390086e-01
3.985800000000005525e+02 3.825055121194702035e-01 1.694575149878390086e-01
3.986900000000005662e+02 4.011458387681324789e-01 1.694575149878390086e-01
3.988000000000005798e+02 4.197861654167947543e-01 1.694575149878390086e-01
3.988000000000005798e+02 4.197861654167947543e-01 1.694575149878390086e-01
3.992000000000005571e+02 4.875171446172330558e-01 1.691907428615631870e-01
3.993100000000005707e+02 5.061281263320049906e-01 1.691907428615632147e-01
3.994200000000005844e+02 5.247391080467769253e-01 1.691907428615632425e-01
3.995300000000005411e+02 5.433500897615488601e-01 1.691907428615632702e-01
3.996400000000005548e+02 5.619610714763207948e-01 1.691907428615632980e-01
3.997500000000005684e+02 5.805720531910927296e-01 1.691907428615633258e-01
3.997500000000005684e+02 5.805720531910927296e-01 1.691907428615633258e-01
4.000500000000005798e+02 6.294779958012942656e-01 1.566804029910130180e-01
4.003500000000005912e+02 6.744831830512117987e-01 1.431991444769284694e-01
4.006500000000005457e+02 7.153087263592321499e-01 1.288305081130486085e-01
4.009500000000005571e+02 7.517016376019297619e-01 1.136635336048062578e-01
4.012500000000005684e+02 7.834363968333307726e-01 9.779220780718372863e-02
4.012500000000005684e+02 7.834363968333307726e-01 9.779220780718372863e-02
4.013600000000005821e+02 7.941935396921210311e-01 9.779220780718371475e-02
4.014700000000005957e+02 8.049506825509112895e-01 9.779220780718370087e-02
4.015800000000005525e+02 8.157078254097015479e-01 9.779220780718368700e-02
4.016900000000005662e+02 8.264649682684918064e-01 9.779220780718367312e-02
4.018000000000005798e+02 8.372221111272819538e-01 9.779220780718367312e-02
4.018000000000005798e+02 8.372221111272819538e-01 9.779220780718367312e-02
4.020000000000005684e+02 8.568053606469258066e-01 9.804124703849527445e-02
4.020000000000005684e+02 8.568053606469258066e-01 9.804124703849527445e-02
4.022000000000005571e+02 8.764389942939161404e-01 9.829605154965091740e-02
4.023100000000005707e+02 8.872515599643777673e-01 9.829605154965091740e-02
4.024200000000005844e+02 8.980641256348393942e-01 9.829605154965091740e-02
4.025300000000005411e+02 9.088766913053010210e-01 9.829605154965091740e-02
4.026400000000005548e+02 9.196892569757626479e-01 9.829605154965091740e-02
4.027500000000005684e+02 9.305018226462242747e-01 9.829605154965091740e-02
4.027500000000005684e+02 9.305018226462242747e-01 9.829605154965091740e-02
4.030500000000005798e+02 9.570771043515031717e-01 7.878094642744530585e-02
4.033500000000005912e+02 9.777215613577393549e-01 5.877765077099232627e-02
4.036500000000005457e+02 9.923072638931774714e-01 3.841012119716159107e-02
4.039500000000005571e+02 1.000743827134631614e+00 1.780457141110580385e-02
4.042500000000005684e+02 1.002978971305037881e+00 -2.911309916051121188e-03
4.042500000000005684e+02 1.002978971305037881e+00 -2.911309916051121188e-03
4.043600000000005821e+02 1.002658727214272183e+00 -2.911309916051121622e-03
4.044700000000005957e+02 1.002338483123506485e+00 -2.911309916051122056e-03
4.045800000000005525e+02 1.002018239032740787e+00 -2.911309916051122489e-03
4.046900000000005662e+02 1.001697994941975089e+00 -2.911309916051122923e-03
4.048000000000005798e+02 1.001377750851209392e+00 -2.911309916051122923e-03
4.048000000000005798e+02 1.001377750851209392e+00 -2.911309916051122923e-03
4.052000000000005571e+02 1.000095504114293155e+00 -3.499798098565612414e-03
4.053100000000005707e+02 9.997105263234509209e-01 -3.499798098565611981e-03
4.054200000000005844e+02 9.993255485326086873e-01 -3.499798098565611547e-03
4.055300000000005411e+02 9.989405707417664537e-01 -3.499798098565611113e-03
4.056400000000005548e+02 9.985555929509242201e-01 -3.499798098565610679e-03
4.057500000000005684e+02 9.981706151600819865e-01 -3.499798098565610246e-03
4.057500000000005684e+02 9.981706151600819865e-01 -3.499798098565610246e-03
4.060500000000005798e+02 9.940290236507699495e-01 -2.409654497879996915e-02
4.063500000000005912e+02 9.837276234298792943e-01 -4.454397015498258450e-02
4.066500000000005457e+02 9.673302503143883513e-01 -6.471536482412934554e-02
4.069500000000005571e+02 9.449385157053324935e-01 -8.448573069176623651e-02
4.072500000000005684e+02 9.166911769212927608e-01 -1.037325545626167356e-01
4.072500000000005684e+02 9.166911769212927608e-01 -1.037325545626167356e-01
4.073600000000005821e+02 9.052805959194049068e-01 -1.037325545626167217e-01
4.074700000000005957e+02 8.938700149175170528e-01 -1.037325545626167217e-01
4.075800000000005525e+02 8.824594339156291989e-01 -1.037325545626167217e-01
4.076900000000005662e+02 8.710488529137413449e-01 -1.037325545626167217e-01
4.078000000000005798e+02 8.596382719118534910e-01 -1.037325545626167217e-01
4.078000000000005798e+02 8.596382719118534910e-01 -1.037325545626167217e-01
4.080000000000005684e+02 8.389168330257227302e-01 -1.034828497232783834e-01
4.080000000000005684e+02 8.389168330257227302e-01 -1.034828497232783834e-01
4.082000000000005571e+02 8.182447263385832503e-01 -1.032392301552491481e-01
4.083100000000005707e+02 8.068884110215058802e-01 -1.032392301552491481e-01
4.084200000000005844e+02 7.955320957044285102e-01 -1.032392301552491481e-01
4.085300000000005411e+02 7.841757803873511401e-01 -1.032392301552491481e-01
4.086400000000005548e+02 7.728194650702737700e-01 -1.032392301552491481e-01
4.087500000000005684e+02 7.614631497531963999e-01 -1.032392301552491481e-01
4.087500000000005684e+02 7.614631497531963999e-01 -1.032392301552491481e-01
4.090500000000005798e+02 7.281640538897939940e-01 -1.186400332984724748e-01
4.093500000000005912e+02 6.903526639425302536e-01 -1.333056467306743265e-01
4.096500000000005457e+02 6.482632898999967086e-01 -1.471451904360303875e-01
4.099500000000005571e+02 6.021567516041964607e-01 -1.600729033956613812e-01
4.102500000000005684e+02 5.523187624996022116e-01 -1.720086750322966096e-01
4.102500000000005684e+02 5.523187624996022116e-01 -1.720086750322966096e-01
4.103600000000005821e+02 5.333978082460495429e-01 -1.720086750322966096e-01
4.104700000000005957e+02 5.144768539924968742e-01 -1.720086750322966096e-01
4.105800000000005525e+02 4.955558997389442610e-01 -1.720086750322966096e-01
4.106900000000005662e+02 4.766349454853916479e-01 -1.720086750322966096e-01
4.108000000000005798e+02 4.577139912318390347e-01 -1.720086750322966096e-01
4.108000000000005798e+02 4.577139912318390347e-01 -1.720086750322966096e-01
4.112000000000005571e+02 3.888593883923225358e-01 -1.722575908888058782e-01
4.113100000000005707e+02 3.699110533945538792e-01 -1.722575908888059060e-01
4.114200000000005844e+02 3.509627183967852226e-01 -1.722575908888059337e-01
4.115300000000005411e+02 3.320143833990165660e-01 -1.722575908888059615e-01
4.116400000000005548e+02 3.130660484012479094e-01 -1.722575908888059615e-01
4.117500000000005684e+02 2.941177134034792529e-01 -1.722575908888059615e-01
4.117500000000005684e+02 2.941177134034792529e-01 -1.722575908888059615e-01
4.120500000000005798e+02 2.415825237932273661e-01 -1.777960329075040646e-01
4.123500000000005912e+02 1.875502932523577249e-01 -1.822327067420486668e-01
4.126500000000005457e+02 1.323558492320529023e-01 -1.855401191689074469e-01
4.129500000000005571e+02 7.634122119927913563e-02 -1.876977747826283072e-01
4.132500000000005684e+02 1.985352114525726699e-02 -1.886923030019319325e-01
4.132500000000005684e+02 1.985352114525726699e-02 -1.886923030019319325e-01
4.133600000000005821e+02 -9.026321849552425280e-04 -1.886923030019319047e-01
4.134700000000005957e+02 -2.165878551516775205e-02 -1.886923030019318770e-01
4.135800000000005525e+02 -4.241493884538025116e-02 -1.886923030019318770e-01
4.136900000000005662e+02 -6.317109217559276069e-02 -1.886923030019318770e-01
4.138000000000005798e+02 -8.392724550580527021e-02 -1.886923030019318770e-01
4.138000000000005798e+02 -8.392724550580527021e-02 -1.886923030019318770e-01
4.140000000000005684e+02 -1.216685436271004866e-01 -1.887225276695595477e-01
4.140000000000005684e+02 -1.216685436271004866e-01 -1.887225276695595477e-01
4.142000000000005571e+02 -1.594169964228150382e-01 -1.887638500967298016e-01
4.143100000000005707e+02 -1.801810199334553109e-01 -1.887638500967298016e-01
4.144200000000005844e+02 -2.009450434440955835e-01 -1.887638500967298016e-01
4.145300000000005411e+02 -2.217090669547358561e-01 -1.887638500967298016e-01
4.146400000000005548e+02 -2.424730904653761288e-01 -1.887638500967298016e-01
4.147500000000005684e+02 -2.632371139760164014e-01 -1.887638500967298016e-01
4.147500000000005684e+02 -2.632371139760164014e-01 -1.887638500967298016e-01
4.150500000000005798e+02 -3.189921550793455296e-01 -1.827443585521155434e-01
4.153500000000005912e+02 -3.727704624968033453e-01 -1.755924349909181170e-01
4.156500000000005457e+02 -4.242387822904862826e-01 -1.673523985225391641e-01
4.159500000000005571e+02 -4.730781750762382831e-01 -1.580753110850350862e-01
4.162500000000005684e+02 -5.189859924303313887e-01 -1.478186610239657084e-01
4.162500000000005684e+02 -5.189859924303313887e-01 -1.478186610239657084e-01
4.163600000000005821e+02 -5.352460451429675858e-01 -1.478186610239657084e-01
4.164700000000005957e+02 -5.515060978556037830e-01 -1.478186610239657084e-01
4.165800000000005525e+02 -5.677661505682399801e-01 -1.478186610239657084e-01
4.166900000000005662e+02 -5.840262032808761772e-01 -1.478186610239657084e-01
4.168000000000005798e+02 -6.002862559935123743e-01 -1.478186610239657084e-01
4.168000000000005798e+02 -6.002862559935123743e-01 -1.478186610239657084e-01
4.172000000000005571e+02 -6.593408049626152678e-01 -1.474482960251284058e-01
4.173100000000005707e+02 -6.755601175253793667e-01 -1.474482960251284058e-01
4.174200000000005844e+02 -6.917794300881434655e-01 -1.474482960251284058e-01
4.175300000000005411e+02 -7.079987426509075643e-01 -1.474482960251284058e-01
4.176400000000005548e+02 -7.242180552136716631e-01 -1.474482960251284058e-01
4.177500000000005684e+02 -7.404373677764357620e-01 -1.474482960251284058e-01
4.177500000000005684e+02 -7.404373677764357620e-01 -1.474482960251284058e-01
4.180500000000005798e+02 -7.823319869512340707e-01 -1.317048462496684114e-01
4.183500000000005912e+02 -8.193786436682858332e-01 -1.151452466033497796e-01
4.186500000000005457e+02 -8.513477668453086622e-01 -9.787211377414838098e-02
4.189500000000005571e+02 -8.780412499091928558e-01 -7.999248607940423472e-02
4.192500000000005684e+02 -8.992936784247392845e-01 -6.161716016973724230e-02
4.192500000000005684e+02 -8.992936784247392845e-01 -6.161716016973724230e-02
4.193600000000005821e+02 -9.060715660434104368e-01 -6.161716016973724230e-02
4.194700000000005957e+02 -9.128494536620814781e-01 -6.161716016973724230e-02
4.195800000000005525e+02 -9.196273412807525194e-01 -6.161716016973724230e-02
4.196900000000005662e+02 -9.264052288994235607e-01 -6.161716016973724230e-02
4.198000000000005798e+02 -9.331831165180946019e-01 -6.161716016973724230e-02
4.198000000000005798e+02 -9.331831165180946019e-01 -6.161716016973724230e-02
4.200000000000005684e+02 -9.455341070777001367e-01 -6.189335066901301835e-02
4.200000000000005684e+02 -9.455341070777001367e-01 -6.189335066901301835e-02
4.202000000000005571e+02 -9.579406994262877895e-01 -6.217318078424503847e-02
4.203100000000005707e+02 -9.647797493125547241e-01 -6.217318078424504540e-02
4.204200000000005844e+02 -9.716187991988216588e-01 -6.217318078424505234e-02
4.205300000000005411e+02 -9.784578490850885935e-01 -6.217318078424505928e-02
4.206400000000005548e+02 -9.852968989713555281e-01 -6.217318078424505928e-02
4.207500000000005684e+02 -9.921359488576224628e-01 -6.217318078424505928e-02
4.207500000000005684e+02 -9.921359488576224628e-01 -6.217318078424505928e-02
4.210500000000005798e+02 -1.007694596498636797e+00 -4.149754027934620532e-02
4.213500000000005912e+02 -1.017008752473480104e+00 -2.056474741366360465e-02
4.216500000000005457e+02 -1.020020698729912745e+00 4.954812785991655286e-04
4.219500000000005571e+02 -1.016711770810108550e+00 2.155263956766047956e-02
4.222500000000005684e+02 -1.007102473510749885e+00 4.247624025044733492e-02
4.222500000000005684e+02 -1.007102473510749885e+00 4.247624025044733492e-02
4.223600000000005821e+02 -1.002430087083200583e+00 4.247624025044734186e-02
4.224700000000005957e+02 -9.977577006556513917e-01 4.247624025044734880e-02
4.225800000000005525e+02 -9.930853142281022006e-01 4.247624025044735574e-02
4.226900000000005662e+02 -9.884129278005530095e-01 4.247624025044736268e-02
4.228000000000005798e+02 -9.837405413730038184e-01 4.247624025044736962e-02
4.228000000000005798e+02 -9.837405413730038184e-01 4.247624025044736962e-02
4.232000000000005571e+02 -9.666350171675552883e-01 4.304970430489760136e-02
4.233100000000005707e+02 -9.618995496940165868e-01 4.304970430489760136e-02
4.234200000000005844e+02 -9.571640822204778853e-01 4.304970430489760136e-02
4.235300000000005411e+02 -9.524286147469391839e-01 4.304970430489760136e-02
4.236400000000005548e+02 -9.476931472734004824e-01 4.304970430489760136e-02
4.237500000000005684e+02 -9.429576797998617810e-01 4.304970430489760136e-02
4.237500000000005684e+02 -9.429576797998617810e-01 4.304970430489760136e-02
4.240500000000005798e+02 -9.271344451510348250e-01 6.238401869285252477e-02
4.243500000000005912e+02 -9.055659347646120017e-01 8.133175118765363643e-02
4.246500000000005457e+02 -8.783858045953135685e-01 9.977548629648307077e-02
4.249500000000005571e+02 -8.457624847378520938e-01 1.176009317024283019e-01
4.252500000000005684e+02 -8.078981356976832062e-01 1.346976265122173944e-01
4.252500000000005684e+02 -8.078981356976832062e-01 1.346976265122173944e-01
4.253600000000005821e+02 -7.930813967813392651e-01 1.346976265122174221e-01
4.254700000000005957e+02 -7.782646578649953240e-01 1.346976265122174499e-01
4.255800000000005525e+02 -7.634479189486513828e-01 1.346976265122174499e-01
4.256900000000005662e+02 -7.486311800323074417e-01 1.346976265122174499e-01
4.258000000000005798e+02 -7.338144411159635006e-01 1.346976265122174499e-01
4.258000000000005798e+02 -7.338144411159635006e-01 1.346976265122174499e-01
4.260000000000005684e+02 -7.068962276314210147e-01 1.344858274219042638e-01
4.260000000000005684e+02 -7.068962276314210147e-01 1.344858274219042638e-01
4.262000000000005571e+02 -6.800195829222266397e-01 1.342819367217183146e-01
4.263100000000005707e+02 -6.652485698828376481e-01 1.342819367217183146e-01
4.264200000000005844e+02 -6.504775568434486566e-01 1.342819367217183146e-01
4.265300000000005411e+02 -6.357065438040596650e-01 1.342819367217183146e-01
4.266400000000005548e+02 -6.209355307646706734e-01 1.342819367217183146e-01
4.267500000000005684e+02 -6.061645177252816818e-01 1.342819367217183146e-01
4.267500000000005684e+02 -6.061645177252816818e-01 1.342819367217183146e-01
4.270500000000005798e+02 -5.640434082033479735e-01 1.463803609850435061e-01
4.273500000000005912e+02 -5.184270290093113687e-01 1.575716940052090675e-01
4.276500000000005457e+02 -4.695980561649625296e-01 1.677865852210266850e-01
4.279500000000005571e+02 -4.178590735236364928e-01 1.769617348953647085e-01
4.282500000000005684e+02 -3.635306977156509411e-01 1.850402863715733814e-01
4.282500000000005684e+02 -3.635306977156509411e-01 1.850402863715733814e-01
4.283600000000005821e+02 -3.431762662147778697e-01 1.850402863715733814e-01
4.284700000000005957e+02 -3.228218347139047983e-01 1.850402863715733814e-01
4.285800000000005525e+02 -3.024674032130317269e-01 1.850402863715733814e-01
4.286900000000005662e+02 -2.821129717121586555e-01 1.850402863715733814e-01
4.288000000000005798e+02 -2.617585402112855841e-01 1.850402863715733814e-01
4.288000000000005798e+02 -2.617585402112855841e-01 1.850402863715733814e-01
4.292000000000005571e+02 -1.877145427976976699e-01 1.851724438196196698e-01
4.293100000000005707e+02 -1.673455739775395190e-01 1.851724438196196698e-01
4.294200000000005844e+02 -1.469766051573813681e-01 1.851724438196196698e-01
4.295300000000005411e+02 -1.266076363372232172e-01 1.851724438196196698e-01
4.296400000000005548e+02 -1.062386675170650524e-01 1.851724438196196698e-01
4.297500000000005684e+02 -8.586969869690688761e-02 1.851724438196196698e-01
4.297500000000005684e+02 -8.586969869690688761e-02 1.851724438196196698e-01
4.300500000000005798e+02 -3.010929223930563017e-02 1.863715153751042131e-01
4.303500000000005912e+02 2.583769577298201947e-02 1.864156781133556040e-01
4.306500000000005457e+02 8.162457250106927575e-02 1.853046583662825986e-01
4.309500000000005571e+02 1.369056372852291426e-01 1.830453409118689145e-01
4.312500000000005684e+02 1.913383238861093294e-01 1.796517263104439877e-01
4.312500000000005684e+02 1.913383238861093294e-01 1.796517263104439877e-01
4.313600000000005821e+02 2.111000137802581667e-01 1.796517263104439599e-01
4.314700000000005957e+02 2.308617036744070039e-01 1.796517263104439321e-01
4.315800000000005525e+02 2.506233935685558412e-01 1.796517263104439321e-01
4.316900000000005662e+02 2.703850834627046784e-01 1.796517263104439321e-01
4.318000000000005798e+02 2.901467733568535157e-01 1.796517263104439321e-01
4.318000000000005798e+02 2.901467733568535157e-01 1.796517263104439321e-01
4.320000000000005684e+02 3.260860017510930353e-01 1.797423187826316104e-01
4.320000000000005684e+02 3.260860017510930353e-01 1.797423187826316104e-01
4.322000000000005571e+02 3.620444055139667161e-01 1.798434809364471698e-01
4.323100000000005707e+02 3.818271884169759378e-01 1.798434809364471976e-01
4.324200000000005844e+02 4.016099713199851040e-01 1.798434809364471976e-01
4.325300000000005411e+02 4.213927542229942702e-01 1.798434809364471976e-01
4.326400000000005548e+02 4.411755371260034364e-01 1.798434809364471976e-01
4.327500000000005684e+02 4.609583200290126026e-01 1.798434809364471976e-01
4.327500000000005684e+02 4.609583200290126026e-01 1.798434809364471976e-01
4.330500000000005798e+02 5.134273945017553409e-01 1.697696030303675607e-01
4.333500000000005912e+02 5.627148571078737227e-01 1.586436951987798827e-01
4.336500000000005457e+02 6.085152828202222697e-01 1.465347025754386578e-01
4.339500000000005571e+02 6.505448551157604342e-01 1.335176622834710336e-01
4.342500000000005684e+02 6.885431247325348725e-01 1.196732384446219793e-01
4.342500000000005684e+02 6.885431247325348725e-01 1.196732384446219793e-01
4.343600000000005821e+02 7.017071809614432443e-01 1.196732384446219655e-01
4.344700000000005957e+02 7.148712371903516161e-01 1.196732384446219516e-01
4.345800000000005525e+02 7.280352934192599879e-01 1.196732384446219377e-01
4.346900000000005662e+02 7.411993496481683596e-01 1.196732384446219238e-01
4.348000000000005798e+02 7.543634058770767314e-01 1.196732384446219100e-01
4.348000000000005798e+02 7.543634058770767314e-01 1.196732384446219100e-01
4.352000000000005571e+02 8.021421067046735631e-01 1.192155830161016755e-01
4.353100000000005707e+02 8.152558208364447667e-01 1.192155830161016755e-01
4.354200000000005844e+02 8.283695349682159703e-01 1.192155830161016755e-01
4.355300000000005411e+02 8.414832490999871739e-01 1.192155830161016755e-01
4.356400000000005548e+02 8.545969632317583775e-01 1.192155830161016755e-01
4.357500000000005684e+02 8.677106773635295811e-01 1.192155830161016755e-01
4.357500000000005684e+02 8.677106773635295811e-01 1.192155830161016755e-01
4.360500000000005798e+02 9.007498878406752230e-01 1.009320064509976050e-01
4.363500000000005912e+02 9.282073226613172245e-01 8.202297344767853216e-02
4.366500000000005457e+02 9.499128333265869362e-01 6.260565968557173233e-02
4.369500000000005571e+02 9.657319149171048611e-01 4.280039056326973707e-02
4.372500000000005684e+02 9.755665395943785567e-01 2.272989556487823096e-02
4.372500000000005684e+02 9.755665395943785567e-01 2.272989556487823096e-02
4.373600000000005821e+02 9.780668281065151293e-01 2.272989556487823443e-02
4.374700000000005957e+02 9.805671166186517018e-01 2.272989556487823790e-02
4.375800000000005525e+02 9.830674051307882744e-01 2.272989556487824137e-02
4.376900000000005662e+02 9.855676936429248469e-01 2.272989556487824137e-02
4.378000000000005798e+02 9.880679821550614195e-01 2.272989556487824137e-02
4.378000000000005798e+02 9.880679821550614195e-01 2.272989556487824137e-02
4.380000000000005684e+02 9.926430573110691657e-01 2.302108019023881361e-02
4.380000000000005684e+02 9.926430573110691657e-01 2.302108019023881361e-02
4.382000000000005571e+02 9.972765044807292423e-01 2.331361856184005141e-02
4.383100000000005707e+02 9.998410025225316078e-01 2.331361856184005141e-02
4.384200000000005844e+02 1.002405500564333973e+00 2.331361856184005141e-02
4.385300000000005411e+02 1.004969998606136450e+00 2.331361856184005141e-02
4.386400000000005548e+02 1.007534496647938926e+00 2.331361856184005141e-02
4.387500000000005684e+02 1.010098994689741403e+00 2.331361856184005141e-02
4.387500000000005684e+02 1.010098994689741403e+00 2.331361856184005141e-02
4.390500000000005798e+02 1.013956159630079679e+00 2.387527183756927608e-03
4.393500000000005912e+02 1.011530031188996759e+00 -1.855335924597486391e-02
4.396500000000005457e+02 1.002835643622788542e+00 -3.937927403886763017e-02
4.399500000000005571e+02 9.879268743967991595e-01 -5.996116296379720018e-02
4.402500000000005684e+02 9.668961103170181648e-01 -8.017148397149788386e-02
4.402500000000005684e+02 9.668961103170181648e-01 -8.017148397149788386e-02
4.403600000000005821e+02 9.580772470801534046e-01 -8.017148397149789774e-02
4.404700000000005957e+02 9.492583838432886445e-01 -8.017148397149791161e-02
4.405800000000005525e+02 9.404395206064238844e-01 -8.017148397149792549e-02
4.406900000000005662e+02 9.316206573695591242e-01 -8.017148397149793937e-02
4.408000000000005798e+02 9.228017941326943641e-01 -8.017148397149795325e-02
4.408000000000005798e+02 9.228017941326943641e-01 -8.017148397149795325e-02
4.412000000000005571e+02 8.906259303230964486e-01 -8.070468159631695448e-02
4.413100000000005707e+02 8.817484153475015907e-01 -8.070468159631696836e-02
4.414200000000005844e+02 8.728709003719067328e-01 -8.070468159631698224e-02
4.415300000000005411e+02 8.639933853963118748e-01 -8.070468159631699612e-02
4.416400000000005548e+02 8.551158704207170169e-01 -8.070468159631701000e-02
4.417500000000005684e+02 8.462383554451221590e-01 -8.070468159631702387e-02
4.417500000000005684e+02 8.462383554451221590e-01 -8.070468159631702387e-02
4.420500000000005798e+02 8.194299726814872065e-01 -9.792552044825267310e-02
4.423500000000005912e+02 7.875437383016954396e-01 -1.145395334836471907e-01
4.426500000000005457e+02 7.507772452327524659e-01 -1.304437668250975069e-01
4.429500000000005571e+02 7.093583284361270058e-01 -1.455396649649239316e-01
4.432500000000005684e+02 6.635436530578412428e-01 -1.597336814948513428e-01
4.432500000000005684e+02 6.635436530578412428e-01 -1.597336814948513428e-01
4.433600000000005821e+02 6.459729480934075507e-01 -1.597336814948513428e-01
4.434700000000005957e+02 6.284022431289738586e-01 -1.597336814948513428e-01
4.435800000000005525e+02 6.108315381645401665e-01 -1.597336814948513428e-01
4.436900000000005662e+02 5.932608332001064744e-01 -1.597336814948513428e-01
4.438000000000005798e+02 5.756901282356727823e-01 -1.597336814948513428e-01
4.438000000000005798e+02 5.756901282356727823e-01 -1.597336814948513428e-01
4.440000000000005684e+02 5.437600054588330734e-01 -1.595691109637164540e-01
4.440000000000005684e+02 5.437600054588330734e-01 -1.595691109637164540e-01
4.442000000000005571e+02 5.118618582911799164e-01 -1.594139238360668953e-01
4.443100000000005707e+02 4.943263266692125568e-01 -1.594139238360669231e-01
4.444200000000005844e+02 4.767907950472451972e-01 -1.594139238360669508e-01
4.445300000000005411e+02 4.592552634252778376e-01 -1.594139238360669786e-01
4.446400000000005548e+02 4.417197318033104780e-01 -1.594139238360670063e-01
4.447500000000005684e+02 4.241842001813431184e-01 -1.594139238360670063e-01
4.447500000000005684e+02 4.241842001813431184e-01 -1.594139238360670063e-01
4.450500000000005798e+02 3.750951317417780539e-01 -1.676774300457458955e-01
4.453500000000005912e+02 3.236816701454725553e-01 -1.749018711277916804e-01
4.456500000000005457e+02 2.702624148307710139e-01 -1.810424785955127014e-01
4.459500000000005571e+02 2.151683947580210754e-01 -1.860612002728849190e-01
4.462500000000005684e+02 1.587410170860966419e-01 -1.899269360966802100e-01
4.462500000000005684e+02 1.587410170860966419e-01 -1.899269360966802100e-01
4.463600000000005821e+02 1.378490541154618332e-01 -1.899269360966801823e-01
4.464700000000005957e+02 1.169570911448270106e-01 -1.899269360966801545e-01
4.465800000000005525e+02 9.606512817419220196e-02 -1.899269360966801268e-01
4.466900000000005662e+02 7.517316520355739329e-02 -1.899269360966800990e-01
4.468000000000005798e+02 5.428120223292258462e-02 -1.899269360966800713e-01
4.468000000000005798e+02 5.428120223292258462e-02 -1.899269360966800713e-01
4.472000000000005571e+02 -2.169297778247273462e-02 -1.899365179309267238e-01
4.473100000000005707e+02 -4.258599475487467867e-02 -1.899365179309267515e-01
4.474200000000005844e+02 -6.347901172727662966e-02 -1.899365179309267793e-01
4.475300000000005411e+02 -8.437202869967858065e-02 -1.899365179309268070e-01
4.476400000000005548e+02 -1.052650456720805316e-01 -1.899365179309268070e-01
4.477500000000005684e+02 -1.261580626444824826e-01 -1.899365179309268070e-01
4.477500000000005684e+02 -1.261580626444824826e-01 -1.899365179309268070e-01
4.480500000000005798e+02 -1.826892670815563058e-01 -1.867434392097650497e-01
4.483500000000005912e+02 -2.380883808934024515e-01 -1.823931469301398323e-01
4.486500000000005457e+02 -2.920121063133030437e-01 -1.769125990255199232e-01
4.489500000000005571e+02 -3.441262882756630503e-01 -1.703357574083971260e-01
4.492500000000005684e+02 -3.941079851113629684e-01 -1.627033775148217509e-01
4.492500000000005684e+02 -3.941079851113629684e-01 -1.627033775148217509e-01
4.493600000000005821e+02 -4.120053566379933696e-01 -1.627033775148217509e-01
4.494700000000005957e+02 -4.299027281646237708e-01 -1.627033775148217509e-01
4.495800000000005525e+02 -4.478000996912541720e-01 -1.627033775148217509e-01
4.496900000000005662e+02 -4.656974712178845732e-01 -1.627033775148217509e-01
4.498000000000005798e+02 -4.835948427445149744e-01 -1.627033775148217509e-01
4.498000000000005798e+02 -4.835948427445149744e-01 -1.627033775148217509e-01
4.500000000000005684e+02 -5.161500559799639953e-01 -1.628503501615080895e-01
4.500000000000005684e+02 -5.161500559799639953e-01 -1.628503501615080895e-01
4.502000000000005571e+02 -5.487356212315707138e-01 -1.630068991637564080e-01
4.503100000000005707e+02 -5.666663801395839251e-01 -1.630068991637564357e-01
4.504200000000005844e+02 -5.845971390475971363e-01 -1.630068991637564635e-01
4.505300000000005411e+02 -6.025278979556103476e-01 -1.630068991637564635e-01
4.506400000000005548e+02 -6.204586568636235588e-01 -1.630068991637564635e-01
4.507500000000005684e+02 -6.383894157716367701e-01 -1.630068991637564635e-01
4.507500000000005684e+02 -6.383894157716367701e-01 -1.630068991637564635e-01
4.510500000000005798e+02 -6.852629800766032453e-01 -1.493220591388993990e-01
4.513500000000005912e+02 -7.278901000887303407e-01 -1.347118987271928581e-01
4.516500000000005457e+02 -7.660066236565720166e-01 -1.192669543126017168e-01
4.519500000000005571e+02 -7.993763499365452718e-01 -1.030829352767565765e-01
4.522500000000005684e+02 -8.277924930846263241e-01 -8.626013090604399414e-02
4.522500000000005684e+02 -8.277924930846263241e-01 -8.626013090604399414e-02
4.523600000000005821e+02 -8.372811074842911871e-01 -8.626013090604399414e-02
4.524700000000005957e+02 -8.467697218839560502e-01 -8.626013090604399414e-02
4.525800000000005525e+02 -8.562583362836209133e-01 -8.626013090604399414e-02
4.526900000000005662e+02 -8.657469506832857764e-01 -8.626013090604399414e-02
4.528000000000005798e+02 -8.752355650829506395e-01 -8.626013090604399414e-02
4.528000000000005798e+02 -8.752355650829506395e-01 -8.626013090604399414e-02
4.532000000000005571e+02 -9.096353315068799184e-01 -8.573532977400225019e-02
4.533100000000005707e+02 -9.190662177820201340e-01 -8.573532977400225019e-02
4.534200000000005844e+02 -9.284971040571603496e-01 -8.573532977400225019e-02
4.535300000000005411e+02 -9.379279903323005652e-01 -8.573532977400225019e-02
4.536400000000005548e+02 -9.473588766074407808e-01 -8.573532977400225019e-02
4.537500000000005684e+02 -9.567897628825809964e-01 -8.573532977400225019e-02
4.537500000000005684e+02 -9.567897628825809964e-01 -8.573532977400225019e-02
4.540500000000005798e+02 -9.795192699980584949e-01 -6.571641889018185745e-02
4.543500000000005912e+02 -9.961788825843700401e-01 -4.529027586328923660e-02
4.546500000000005457e+02 -1.006665364192377288e+00 -2.458347761489551933e-02
4.549500000000005571e+02 -1.010913732090967798e+00 -3.724340233573241940e-03
4.552500000000005684e+02 -1.008897659952671777e+00 1.715787617550370431e-02
4.552500000000005684e+02 -1.008897659952671777e+00 1.715787617550370431e-02
4.553600000000005821e+02 -1.007010293573366466e+00 1.715787617550370431e-02
4.554700000000005957e+02 -1.005122927194061155e+00 1.715787617550370431e-02
4.555800000000005525e+02 -1.003235560814755845e+00 1.715787617550370431e-02
4.556900000000005662e+02 -1.001348194435450534e+00 1.715787617550370431e-02
4.558000000000005798e+02 -9.994608280561451119e-01 1.715787617550370431e-02
4.558000000000005798e+02 -9.994608280561451119e-01 1.715787617550370431e-02
4.560000000000005684e+02 -9.960586056541110844e-01 1.686451456589643794e-02
4.560000000000005684e+02 -9.960586056541110844e-01 1.686451456589643794e-02
4.562000000000005571e+02 -9.927149561158065127e-01 1.657214466792935464e-02
4.563100000000005707e+02 -9.908920202023342449e-01 1.657214466792935464e-02
4.564200000000005844e+02 -9.890690842888619772e-01 1.657214466792935464e-02
4.565300000000005411e+02 -9.872461483753897094e-01 1.657214466792935464e-02
4.566400000000005548e+02 -9.854232124619174416e-01 1.657214466792935464e-02
4.567500000000005684e+02 -9.836002765484451738e-01 1.657214466792935464e-02
4.567500000000005684e+02 -9.836002765484451738e-01 1.657214466792935464e-02
4.570500000000005798e+02 -9.755861770557292534e-01 3.682757825496933007e-02
4.573500000000005912e+02 -9.615265556624039700e-01 5.685479834726308440e-02
4.576500000000005457e+02 -9.415085371669222880e-01 7.652970007277228037e-02
4.579500000000005571e+02 -9.156561694207867586e-01 9.573036180931737693e-02
4.582500000000005684e+02 -8.841296546276250501e-01 1.143378007096987059e-01
4.582500000000005684e+02 -8.841296546276250501e-01 1.143378007096987059e-01
4.583600000000005821e+02 -8.715524965495582421e-01 1.143378007096987059e-01
4.584700000000005957e+02 -8.589753384714914342e-01 1.143378007096987059e-01
4.585800000000005525e+02 -8.463981803934246262e-01 1.143378007096987059e-01
4.586900000000005662e+02 -8.338210223153578182e-01 1.143378007096987059e-01
4.588000000000005798e+02 -8.212438642372910103e-01 1.143378007096987059e-01
4.588000000000005798e+02 -8.212438642372910103e-01 1.143378007096987059e-01
4.592000000000005571e+02 -7.754139533551196450e-01 1.148072620201815719e-01
4.593100000000005707e+02 -7.627851545328996341e-01 1.148072620201815719e-01
4.594200000000005844e+02 -7.501563557106796232e-01 1.148072620201815719e-01
4.595300000000005411e+02 -7.375275568884596122e-01 1.148072620201815719e-01
4.596400000000005548e+02 -7.248987580662396013e-01 1.148072620201815719e-01
4.597500000000005684e+02 -7.122699592440195904e-01 1.148072620201815719e-01
4.597500000000005684e+02 -7.122699592440195904e-01 1.148072620201815719e-01
4.600500000000005798e+02 -6.756564592271095959e-01 1.291566116399262554e-01
4.603500000000005912e+02 -6.348560446990981765e-01 1.427056023137935337e-01
4.606500000000005457e+02 -5.901215480651433865e-01 1.553702735247512179e-01
4.609500000000005571e+02 -5.417301804886157646e-01 1.670721447151783945e-01
4.612500000000005684e+02 -4.899818140662761112e-01 1.777387016159819866e-01
4.612500000000005684e+02 -4.899818140662761112e-01 1.777387016159819866e-01
4.613600000000005821e+02 -4.704305568885180922e-01 1.777387016159819588e-01
4.614700000000005957e+02 -4.508792997107600731e-01 1.777387016159819311e-01
4.615800000000005525e+02 -4.313280425330020540e-01 1.777387016159819311e-01
4.616900000000005662e+02 -4.117767853552440349e-01 1.777387016159819311e-01
4.618000000000005798e+02 -3.922255281774860158e-01 1.777387016159819311e-01
4.618000000000005798e+02 -3.922255281774860158e-01 1.777387016159819311e-01
4.620000000000005684e+02 -3.566889717993558806e-01 1.776286035836300570e-01
4.620000000000005684e+02 -3.566889717993558806e-01 1.776286035836300570e-01
4.622000000000005571e+02 -3.211733903863738249e-01 1.775289509366531904e-01
4.623100000000005707e+02 -3.016452057833419742e-01 1.775289509366531904e-01
4.624200000000005844e+02 -2.821170211803101235e-01 1.775289509366531904e-01
4.625300000000005411e+02 -2.625888365772782729e-01 1.775289509366531904e-01
4.626400000000005548e+02 -2.430606519742464222e-01 1.775289509366531904e-01
4.627500000000005684e+02 -2.235324673712145715e-01 1.775289509366531904e-01
4.627500000000005684e+02 -2.235324673712145715e-01 1.775289509366531904e-01
4.630500000000005798e+02 -1.696362050341901351e-01 1.815938024048598110e-01
4.633500000000005912e+02 -1.146887394136515137e-01 1.845333516339891788e-01
4.636500000000005457e+02 -5.903056949841633400e-02 1.863293827968072192e-01
4.639500000000005571e+02 -3.006598376583998009e-03 1.869707662299720796e-01
4.642500000000005684e+02 5.303600406328035088e-02 1.864535274023823852e-01
4.642500000000005684e+02 5.303600406328035088e-02 1.864535274023823852e-01
4.643600000000005821e+02 7.354589207754241853e-02 1.864535274023823852e-01
4.644700000000005957e+02 9.405578009180448618e-02 1.864535274023823852e-01
4.645800000000005525e+02 1.145656681060665538e-01 1.864535274023823852e-01
4.646900000000005662e+02 1.350755561203286215e-01 1.864535274023823852e-01
4.648000000000005798e+02 1.555854441345906891e-01 1.864535274023823852e-01
4.648000000000005798e+02 1.555854441345906891e-01 1.864535274023823852e-01
4.652000000000005571e+02 2.301456334799635850e-01 1.863401118569877335e-01
4.653100000000005707e+02 2.506430457842322435e-01 1.863401118569877613e-01
4.654200000000005844e+02 2.711404580885009019e-01 1.863401118569877890e-01
4.655300000000005411e+02 2.916378703927695604e-01 1.863401118569878168e-01
4.656400000000005548e+02 3.121352826970382188e-01 1.863401118569878445e-01
4.657500000000005684e+02 3.326326950013068773e-01 1.863401118569878723e-01
4.657500000000005684e+02 3.326326950013068773e-01 1.863401118569878723e-01
4.660500000000005798e+02 3.874463501548159883e-01 1.788954333529329532e-01
4.663500000000005912e+02 4.398590740013220701e-01 1.703421738893565462e-01
4.666500000000005457e+02 4.895460748644591131e-01 1.607333363876029819e-01
4.669500000000005571e+02 5.361994518545268873e-01 1.501284649852789865e-01
4.672500000000005684e+02 5.795301028717212422e-01 1.385932760525021568e-01
4.672500000000005684e+02 5.795301028717212422e-01 1.385932760525021568e-01
4.673600000000005821e+02 5.947753632374964683e-01 1.385932760525021568e-01
4.674700000000005957e+02 6.100206236032716944e-01 1.385932760525021568e-01
4.675800000000005525e+02 6.252658839690469206e-01 1.385932760525021568e-01
4.676900000000005662e+02 6.405111443348221467e-01 1.385932760525021568e-01
4.678000000000005798e+02 6.557564047005973729e-01 1.385932760525021568e-01
4.678000000000005798e+02 6.557564047005973729e-01 1.385932760525021568e-01
4.680000000000005684e+02 6.834946123331414602e-01 1.387901595442828928e-01
4.680000000000005684e+02 6.834946123331414602e-01 1.387901595442828928e-01
4.682000000000005571e+02 7.112730126175644818e-01 1.389952045408744952e-01
4.683100000000005707e+02 7.265624851170606746e-01 1.389952045408745229e-01
4.684200000000005844e+02 7.418519576165568674e-01 1.389952045408745229e-01
4.685300000000005411e+02 7.571414301160530602e-01 1.389952045408745229e-01
4.686400000000005548e+02 7.724309026155492530e-01 1.389952045408745229e-01
4.687500000000005684e+02 7.877203751150454458e-01 1.389952045408745229e-01
4.687500000000005684e+02 7.877203751150454458e-01 1.389952045408745229e-01
4.690500000000005798e+02 8.269351845963085479e-01 1.223017712050507300e-01
4.693500000000005912e+02 8.610256340913008399e-01 1.048504570651585671e-01
4.696500000000005457e+02 8.897804715713744095e-01 8.674940459422218753e-02
4.699500000000005571e+02 9.130215087802576734e-01 6.811078257004885006e-02
4.702500000000005684e+02 9.306047254327670659e-01 4.905009098670132933e-02
4.702500000000005684e+02 9.306047254327670659e-01 4.905009098670132933e-02
4.703600000000005821e+02 9.360002354413041736e-01 4.905009098670132933e-02
4.704700000000005957e+02 9.413957454498412813e-01 4.905009098670132933e-02
4.705800000000005525e+02 9.467912554583783891e-01 4.905009098670132933e-02
4.706900000000005662e+02 9.521867654669154968e-01 4.905009098670132933e-02
4.708000000000005798e+02 9.575822754754526045e-01 4.905009098670132933e-02
4.708000000000005798e+02 9.575822754754526045e-01 4.905009098670132933e-02
4.712000000000005571e+02 9.770889249219824046e-01 4.848124444545457573e-02
4.713100000000005707e+02 9.824218618109824552e-01 4.848124444545457573e-02
4.714200000000005844e+02 9.877547986999825058e-01 4.848124444545457573e-02
4.715300000000005411e+02 9.930877355889825564e-01 4.848124444545457573e-02
4.716400000000005548e+02 9.984206724779826070e-01 4.848124444545457573e-02
4.717500000000005684e+02 1.003753609366982547e+00 4.848124444545457573e-02
4.717500000000005684e+02 1.003753609366982547e+00 4.848124444545457573e-02
4.720500000000005798e+02 1.015172923083748069e+00 2.760817633091450229e-02
4.723500000000005912e+02 1.020301403367500637e+00 6.564025601051785841e-03
4.726500000000005457e+02 1.019107270001790466e+00 -1.452080114643826934e-02
4.729500000000005571e+02 1.011597922803858296e+00 -3.551564525230228864e-02
4.732500000000005684e+02 9.978198957693794613e-01 -5.629040566260137129e-02
4.732500000000005684e+02 9.978198957693794613e-01 -5.629040566260137129e-02
4.733600000000005821e+02 9.916279511464932694e-01 -5.629040566260137823e-02
4.734700000000005957e+02 9.854360065236070776e-01 -5.629040566260138517e-02
4.735800000000005525e+02 9.792440619007208857e-01 -5.629040566260139211e-02
4.736900000000005662e+02 9.730521172778346939e-01 -5.629040566260139905e-02
4.738000000000005798e+02 9.668601726549485020e-01 -5.629040566260140599e-02
4.738000000000005798e+02 9.668601726549485020e-01 -5.629040566260140599e-02
4.740000000000005684e+02 9.556304091150032987e-01 -5.600778003541107691e-02
4.740000000000005684e+02 9.556304091150032987e-01 -5.600778003541107691e-02
4.742000000000005571e+02 9.444568410734063280e-01 -5.572844792533829944e-02
4.743100000000005707e+02 9.383267118016190844e-01 -5.572844792533829944e-02
4.744200000000005844e+02 9.321965825298318409e-01 -5.572844792533829944e-02
4.745300000000005411e+02 9.260664532580445973e-01 -5.572844792533829944e-02
4.746400000000005548e+02 9.199363239862573538e-01 -5.572844792533829944e-02
4.747500000000005684e+02 9.138061947144701103e-01 -5.572844792533829944e-02
4.747500000000005684e+02 9.138061947144701103e-01 -5.572844792533829944e-02
4.750500000000005798e+02 8.942735892826458866e-01 -7.442163555811749653e-02
4.753500000000005912e+02 8.691993405841441644e-01 -9.265364647660458142e-02
4.756500000000005457e+02 8.387388289669164276e-01 -1.103115003784020526e-01
4.759500000000005571e+02 8.030808124253001612e-01 -1.272857749028841745e-01
4.762500000000005684e+02 7.624462569026485559e-01 -1.434712837007517117e-01
4.762500000000005684e+02 7.624462569026485559e-01 -1.434712837007517117e-01
4.763600000000005821e+02 7.466644156955658529e-01 -1.434712837007517117e-01
4.764700000000005957e+02 7.308825744884831499e-01 -1.434712837007517117e-01
4.765800000000005525e+02 7.151007332814004469e-01 -1.434712837007517117e-01
4.766900000000005662e+02 6.993188920743177439e-01 -1.434712837007517117e-01
4.768000000000005798e+02 6.835370508672350409e-01 -1.434712837007517117e-01
4.768000000000005798e+02 6.835370508672350409e-01 -1.434712837007517117e-01
4.772000000000005571e+02 6.260703988313106594e-01 -1.438563443084658056e-01
4.773100000000005707e+02 6.102462009573794699e-01 -1.438563443084658056e-01
4.774200000000005844e+02 5.944220030834482804e-01 -1.438563443084658056e-01
4.775300000000005411e+02 5.785978052095170909e-01 -1.438563443084658056e-01
4.776400000000005548e+02 5.627736073355859014e-01 -1.438563443084658056e-01
4.777500000000005684e+02 5.469494094616547120e-01 -1.438563443084658056e-01
4.777500000000005684e+02 5.469494094616547120e-01 -1.438563443084658056e-01
4.780500000000005798e+02 5.021424171951223148e-01 -1.547025860137710151e-01
4.783500000000005912e+02 4.542237439189847903e-01 -1.645901652310100827e-01
4.786500000000005457e+02 4.034903325333669688e-01 -1.734578105132089376e-01
4.789500000000005571e+02 3.502565683348622949e-01 -1.812505707499278973e-01
4.792500000000005684e+02 2.948523308306679747e-01 -1.879201556888201730e-01
4.792500000000005684e+02 2.948523308306679747e-01 -1.879201556888201730e-01
4.793600000000005821e+02 2.741811137048977276e-01 -1.879201556888201730e-01
4.794700000000005957e+02 2.535098965791274805e-01 -1.879201556888201730e-01
4.795800000000005525e+02 2.328386794533572612e-01 -1.879201556888201730e-01
4.796900000000005662e+02 2.121674623275870419e-01 -1.879201556888201730e-01
4.798000000000005798e+02 1.914962452018168226e-01 -1.879201556888201730e-01
4.798000000000005798e+02 1.914962452018168226e-01 -1.879201556888201730e-01
4.800000000000005684e+02 1.539174761457259843e-01 -1.878693763661219429e-01
4.800000000000005684e+02 1.539174761457259843e-01 -1.878693763661219429e-01
